"teamid","state","sum"
3101,"TX","3677"
3101,"WA","886"
3101,"OH","2143"
3101,"OR","670"
3101,"NM","366"
3101,"NV","887"
3101,"MO","692"
3101,"LA","1730"
3101,"CO","820"
3101,"ID","431"
3101,"AR","928"
3101,"KS","555"
3102,"TN","1944"
3102,"TX","3677"
3102,"NM","366"
3102,"CO","820"
3102,"NV","887"
3102,"PA","2219"
3102,"CA","3936"
3102,"NY","3492"
3102,"UT","890"
3102,"NJ","1257"
3103,"VA","2153"
3103,"IL","2092"
3103,"RI","622"
3103,"TN","1944"
3103,"MI","1067"
3103,"OH","2143"
3103,"NY","3492"
3103,"NV","887"
3103,"KY","1069"
3103,"CO","820"
3103,"FL","2438"
3103,"SC","1673"
3103,"NJ","1257"
3103,"PR","75"
3103,"TX","3677"
3103,"IN","1694"
3103,"GA","1146"
3103,"NC","2999"
3103,"WA","886"
3104,"HI","272"
3104,"TX","3677"
3104,"VI","118"
3104,"CA","3936"
3104,"AR","928"
3104,"TN","1944"
3104,"NV","887"
3104,"AL","1336"
3104,"LA","1730"
3104,"SC","1673"
3104,"KS","555"
3104,"KY","1069"
3104,"GA","1146"
3104,"MS","846"
3104,"BA","109"
3104,"VA","2153"
3104,"FL","2438"
3105,"FL","2438"
3105,"MS","846"
3105,"KY","1069"
3105,"CA","3936"
3105,"CO","820"
3105,"GA","1146"
3105,"LA","1730"
3105,"TN","1944"
3105,"AR","928"
3105,"TX","3677"
3105,"AL","1336"
3106,"AL","1336"
3106,"FL","2438"
3106,"LA","1730"
3106,"AR","928"
3106,"MS","846"
3106,"GA","1146"
3106,"IL","2092"
3106,"TX","3677"
3107,"NJ","1257"
3107,"DE","285"
3107,"CA","3936"
3107,"MD","1401"
3107,"NY","3492"
3107,"NH","289"
3107,"VT","159"
3107,"CT","1268"
3107,"MI","1067"
3107,"PR","75"
3107,"ME","168"
3107,"PA","2219"
3107,"MA","1030"
3107,"RI","622"
3108,"TN","1944"
3108,"AR","928"
3108,"MS","846"
3108,"LA","1730"
3108,"AL","1336"
3108,"TX","3677"
3110,"VT","159"
3110,"OK","710"
3110,"MA","1030"
3110,"HI","272"
3110,"PA","2219"
3110,"MD","1401"
3110,"VA","2153"
3110,"NJ","1257"
3110,"RI","622"
3110,"TX","3677"
3110,"CA","3936"
3110,"DC","580"
3110,"NV","887"
3110,"FL","2438"
3110,"NC","2999"
3110,"AL","1336"
3110,"OH","2143"
3110,"NY","3492"
3110,"NH","289"
3111,"FL","2438"
3111,"WV","335"
3111,"NC","2999"
3111,"TN","1944"
3111,"GA","1146"
3111,"AR","928"
3111,"SC","1673"
3111,"IL","2092"
3111,"LA","1730"
3111,"PA","2219"
3111,"TX","3677"
3111,"AL","1336"
3111,"OH","2143"
3111,"VA","2153"
3112,"VA","2153"
3112,"AZ","600"
3112,"MS","846"
3112,"NY","3492"
3112,"OR","670"
3112,"NV","887"
3112,"MX","165"
3112,"TX","3677"
3112,"HI","272"
3112,"CA","3936"
3112,"OH","2143"
3112,"CO","820"
3112,"GA","1146"
3112,"PR","75"
3112,"KS","555"
3112,"NC","2999"
3112,"UT","890"
3112,"WA","886"
3112,"NM","366"
3112,"AR","928"
3112,"MT","310"
3112,"IL","2092"
3112,"BA","109"
3112,"FL","2438"
3113,"NV","887"
3113,"NM","366"
3113,"CT","1268"
3113,"KY","1069"
3113,"IL","2092"
3113,"MA","1030"
3113,"UT","890"
3113,"OH","2143"
3113,"WA","886"
3113,"WI","664"
3113,"TX","3677"
3113,"CO","820"
3113,"NY","3492"
3113,"SC","1673"
3113,"AR","928"
3113,"MX","165"
3113,"PR","75"
3113,"CA","3936"
3113,"TN","1944"
3113,"OR","670"
3113,"HI","272"
3113,"SD","352"
3113,"RI","622"
3113,"BA","109"
3113,"AZ","600"
3113,"FL","2438"
3114,"NC","2999"
3114,"AZ","600"
3114,"AL","1336"
3114,"SC","1673"
3114,"KY","1069"
3114,"TN","1944"
3114,"MO","692"
3114,"CO","820"
3114,"OK","710"
3114,"MS","846"
3114,"GA","1146"
3114,"IL","2092"
3114,"FL","2438"
3114,"TX","3677"
3114,"AR","928"
3114,"WA","886"
3114,"LA","1730"
3115,"LA","1730"
3115,"MS","846"
3115,"PR","75"
3115,"TX","3677"
3115,"AL","1336"
3115,"AR","928"
3116,"LA","1730"
3116,"BA","109"
3116,"TN","1944"
3116,"OK","710"
3116,"NM","366"
3116,"SC","1673"
3116,"MX","165"
3116,"NV","887"
3116,"MS","846"
3116,"AL","1336"
3116,"FL","2438"
3116,"KS","555"
3116,"AR","928"
3116,"UT","890"
3116,"MO","692"
3116,"HI","272"
3116,"TX","3677"
3116,"IL","2092"
3117,"NV","887"
3117,"GA","1146"
3117,"TN","1944"
3117,"AZ","600"
3117,"LA","1730"
3117,"AL","1336"
3117,"KY","1069"
3117,"NC","2999"
3117,"AR","928"
3117,"CA","3936"
3117,"KS","555"
3117,"FL","2438"
3117,"MO","692"
3117,"TX","3677"
3117,"SC","1673"
3117,"OH","2143"
3119,"NY","3492"
3119,"PA","2219"
3119,"CT","1268"
3119,"UT","890"
3119,"MD","1401"
3119,"DE","285"
3119,"MA","1030"
3119,"CO","820"
3119,"NH","289"
3119,"NJ","1257"
3119,"DC","580"
3119,"CA","3936"
3120,"NY","3492"
3120,"CO","820"
3120,"NC","2999"
3120,"TN","1944"
3120,"BA","109"
3120,"SC","1673"
3120,"NV","887"
3120,"AL","1336"
3120,"MO","692"
3120,"TX","3677"
3120,"LA","1730"
3120,"NM","366"
3120,"PA","2219"
3120,"GA","1146"
3120,"MN","197"
3120,"DC","580"
3120,"PR","75"
3120,"IL","2092"
3120,"CA","3936"
3120,"MD","1401"
3120,"FL","2438"
3120,"MS","846"
3120,"AR","928"
3120,"IN","1694"
3122,"MO","692"
3122,"AL","1336"
3122,"MS","846"
3122,"TN","1944"
3122,"IL","2092"
3122,"MT","310"
3122,"TX","3677"
3122,"KY","1069"
3122,"AR","928"
3122,"FL","2438"
3123,"NM","366"
3123,"GA","1146"
3123,"IN","1694"
3123,"BA","109"
3123,"IL","2092"
3123,"MI","1067"
3123,"PA","2219"
3123,"ND","263"
3123,"TN","1944"
3123,"FL","2438"
3123,"NY","3492"
3123,"OH","2143"
3123,"NV","887"
3123,"CO","820"
3123,"KY","1069"
3124,"CO","820"
3124,"SC","1673"
3124,"MS","846"
3124,"IN","1694"
3124,"BA","109"
3124,"NV","887"
3124,"MN","197"
3124,"IA","697"
3124,"CT","1268"
3124,"NC","2999"
3124,"LA","1730"
3124,"NY","3492"
3124,"MO","692"
3124,"OK","710"
3124,"AR","928"
3124,"OH","2143"
3124,"FL","2438"
3124,"HI","272"
3124,"TN","1944"
3124,"WV","335"
3124,"KS","555"
3124,"AZ","600"
3124,"NE","428"
3124,"CA","3936"
3124,"VI","118"
3124,"TX","3677"
3125,"TN","1944"
3125,"SC","1673"
3125,"CO","820"
3125,"OK","710"
3125,"IN","1694"
3125,"AZ","600"
3125,"FL","2438"
3125,"AL","1336"
3125,"GA","1146"
3125,"KY","1069"
3125,"AR","928"
3125,"NV","887"
3125,"CA","3936"
3125,"NC","2999"
3125,"MO","692"
3125,"IL","2092"
3125,"OH","2143"
3125,"TX","3677"
3126,"GA","1146"
3126,"DC","580"
3126,"LA","1730"
3126,"DE","285"
3126,"NC","2999"
3126,"VA","2153"
3126,"FL","2438"
3126,"MD","1401"
3126,"SC","1673"
3127,"NY","3492"
3127,"VT","159"
3127,"OH","2143"
3127,"ME","168"
3127,"PA","2219"
3127,"AK","17"
3127,"MD","1401"
3127,"MA","1030"
3127,"UT","890"
3127,"CT","1268"
3127,"RI","622"
3127,"MN","197"
3127,"NH","289"
3127,"DE","285"
3127,"NJ","1257"
3127,"FL","2438"
3127,"NM","366"
3129,"AL","1336"
3129,"WY","142"
3129,"CA","3936"
3129,"OR","670"
3129,"NM","366"
3129,"PR","75"
3129,"UT","890"
3129,"ID","431"
3129,"WA","886"
3129,"AK","17"
3129,"NV","887"
3129,"CO","820"
3130,"NY","3492"
3130,"PA","2219"
3130,"BA","109"
3130,"TX","3677"
3130,"IA","697"
3130,"GA","1146"
3130,"RI","622"
3130,"MX","165"
3130,"NC","2999"
3130,"FL","2438"
3130,"CT","1268"
3130,"ME","168"
3130,"MD","1401"
3130,"MA","1030"
3130,"WA","886"
3130,"IN","1694"
3130,"VT","159"
3130,"VA","2153"
3130,"CA","3936"
3130,"SC","1673"
3130,"CO","820"
3130,"PR","75"
3131,"ME","168"
3131,"NM","366"
3131,"DE","285"
3131,"CT","1268"
3131,"RI","622"
3131,"VT","159"
3131,"NY","3492"
3131,"MA","1030"
3131,"NH","289"
3131,"MI","1067"
3131,"MD","1401"
3131,"PA","2219"
3132,"FL","2438"
3132,"KY","1069"
3132,"NY","3492"
3132,"WA","886"
3132,"OH","2143"
3132,"BC","21"
3132,"PA","2219"
3132,"MI","1067"
3132,"WY","142"
3132,"NV","887"
3132,"WI","664"
3132,"MA","1030"
3132,"TN","1944"
3132,"CO","820"
3132,"NC","2999"
3132,"WV","335"
3132,"IL","2092"
3132,"IN","1694"
3132,"CA","3936"
3133,"NE","428"
3133,"IL","2092"
3133,"MO","692"
3133,"OH","2143"
3133,"IN","1694"
3133,"AZ","600"
3133,"WI","664"
3133,"SC","1673"
3133,"NV","887"
3133,"FL","2438"
3133,"KS","555"
3133,"IA","697"
3133,"CO","820"
3133,"MI","1067"
3133,"MX","165"
3135,"CA","3936"
3135,"MD","1401"
3135,"ME","168"
3135,"IA","697"
3135,"CT","1268"
3135,"IL","2092"
3135,"PA","2219"
3135,"DC","580"
3135,"VT","159"
3135,"NH","289"
3135,"FL","2438"
3135,"OH","2143"
3135,"MA","1030"
3135,"NY","3492"
3135,"NJ","1257"
3135,"RI","622"
3136,"PA","2219"
3136,"VT","159"
3136,"MA","1030"
3136,"NJ","1257"
3136,"MD","1401"
3136,"ME","168"
3136,"CO","820"
3136,"RI","622"
3136,"CT","1268"
3136,"NY","3492"
3136,"NH","289"
3137,"NY","3492"
3137,"DC","580"
3137,"RI","622"
3137,"PR","75"
3137,"UT","890"
3137,"OH","2143"
3137,"PA","2219"
3137,"MD","1401"
3137,"VA","2153"
3137,"MA","1030"
3137,"NJ","1257"
3138,"MX","165"
3138,"MA","1030"
3138,"MI","1067"
3138,"NH","289"
3138,"RI","622"
3138,"IA","697"
3138,"NV","887"
3138,"IL","2092"
3138,"IN","1694"
3138,"OH","2143"
3138,"NY","3492"
3138,"AZ","600"
3138,"FL","2438"
3138,"CT","1268"
3138,"PA","2219"
3138,"MD","1401"
3139,"RI","622"
3139,"IN","1694"
3139,"MI","1067"
3139,"KY","1069"
3139,"MO","692"
3139,"WI","664"
3139,"SC","1673"
3139,"DC","580"
3139,"FL","2438"
3139,"NY","3492"
3139,"MA","1030"
3139,"OH","2143"
3139,"IL","2092"
3139,"PA","2219"
3139,"NJ","1257"
3139,"NV","887"
3139,"NE","428"
3139,"IA","697"
3140,"OK","710"
3140,"WY","142"
3140,"CO","820"
3140,"WA","886"
3140,"NH","289"
3140,"CA","3936"
3140,"UT","890"
3140,"MT","310"
3140,"HI","272"
3140,"NE","428"
3140,"NV","887"
3140,"OR","670"
3140,"AZ","600"
3140,"NM","366"
3141,"SD","352"
3141,"NV","887"
3141,"TN","1944"
3141,"LA","1730"
3141,"NY","3492"
3141,"IA","697"
3141,"CT","1268"
3141,"FL","2438"
3141,"MI","1067"
3141,"MA","1030"
3141,"OH","2143"
3141,"PA","2219"
3141,"MS","846"
3141,"VA","2153"
3141,"KS","555"
3141,"AZ","600"
3141,"BA","109"
3141,"VI","118"
3141,"SC","1673"
3141,"IL","2092"
3141,"IN","1694"
3141,"CA","3936"
3142,"TX","3677"
3142,"HI","272"
3142,"AZ","600"
3142,"CA","3936"
3142,"OR","670"
3142,"ND","263"
3142,"NV","887"
3142,"WA","886"
3143,"IN","1694"
3143,"HI","272"
3143,"KY","1069"
3143,"TN","1944"
3143,"VA","2153"
3143,"NV","887"
3143,"UT","890"
3143,"OR","670"
3143,"IL","2092"
3143,"CA","3936"
3143,"OH","2143"
3143,"DC","580"
3143,"AZ","600"
3143,"RI","622"
3143,"NE","428"
3143,"TX","3677"
3143,"CO","820"
3143,"PA","2219"
3143,"WA","886"
3144,"PR","75"
3144,"GA","1146"
3144,"NC","2999"
3144,"MD","1401"
3144,"TN","1944"
3144,"FL","2438"
3144,"SC","1673"
3144,"VA","2153"
3145,"NJ","1257"
3145,"PA","2219"
3145,"MA","1030"
3145,"NY","3492"
3145,"MI","1067"
3145,"CT","1268"
3145,"TX","3677"
3145,"MD","1401"
3145,"OH","2143"
3146,"AL","1336"
3146,"GA","1146"
3146,"KY","1069"
3146,"MS","846"
3146,"IL","2092"
3146,"MO","692"
3146,"AR","928"
3146,"LA","1730"
3146,"BA","109"
3146,"FL","2438"
3146,"TX","3677"
3147,"LA","1730"
3148,"RI","622"
3148,"MD","1401"
3148,"ME","168"
3148,"FL","2438"
3148,"CT","1268"
3148,"NY","3492"
3148,"VT","159"
3148,"PA","2219"
3148,"MA","1030"
3148,"NH","289"
3148,"NJ","1257"
3149,"NC","2999"
3149,"SC","1673"
3149,"TN","1944"
3149,"GA","1146"
3149,"VA","2153"
3149,"FL","2438"
3150,"RI","622"
3150,"MD","1401"
3150,"NV","887"
3150,"DC","580"
3150,"NC","2999"
3150,"PA","2219"
3150,"SC","1673"
3150,"NY","3492"
3150,"WV","335"
3150,"LA","1730"
3150,"VA","2153"
3150,"MO","692"
3150,"AR","928"
3150,"GA","1146"
3150,"OH","2143"
3150,"FL","2438"
3150,"AL","1336"
3150,"PR","75"
3150,"MA","1030"
3150,"MS","846"
3150,"TX","3677"
3151,"HI","272"
3151,"FL","2438"
3151,"IN","1694"
3151,"AL","1336"
3151,"NY","3492"
3151,"NC","2999"
3151,"NJ","1257"
3151,"VA","2153"
3151,"GA","1146"
3151,"MA","1030"
3151,"TX","3677"
3151,"SC","1673"
3151,"TN","1944"
3151,"CA","3936"
3151,"KY","1069"
3152,"IN","1694"
3152,"TX","3677"
3152,"UT","890"
3152,"ND","263"
3152,"CA","3936"
3152,"CO","820"
3152,"NJ","1257"
3152,"AR","928"
3152,"MD","1401"
3152,"WA","886"
3152,"MI","1067"
3152,"MS","846"
3152,"IL","2092"
3153,"NY","3492"
3153,"NJ","1257"
3153,"OK","710"
3153,"KS","555"
3153,"NV","887"
3153,"TN","1944"
3153,"IN","1694"
3153,"NC","2999"
3153,"AK","17"
3153,"VA","2153"
3153,"MO","692"
3153,"MX","165"
3153,"FL","2438"
3153,"HI","272"
3153,"LA","1730"
3153,"CA","3936"
3153,"PA","2219"
3153,"RI","622"
3153,"KY","1069"
3153,"TX","3677"
3153,"OH","2143"
3153,"CT","1268"
3153,"WI","664"
3155,"PA","2219"
3155,"NV","887"
3155,"FL","2438"
3155,"TN","1944"
3155,"NJ","1257"
3155,"SC","1673"
3155,"GA","1146"
3155,"VA","2153"
3155,"AL","1336"
3155,"NE","428"
3155,"CT","1268"
3155,"LA","1730"
3155,"IL","2092"
3155,"IN","1694"
3155,"MS","846"
3155,"MA","1030"
3155,"OK","710"
3155,"OH","2143"
3155,"NC","2999"
3156,"NC","2999"
3156,"WI","664"
3156,"MI","1067"
3156,"KY","1069"
3156,"DE","285"
3156,"IL","2092"
3156,"NY","3492"
3156,"FL","2438"
3156,"TN","1944"
3156,"NV","887"
3156,"OH","2143"
3156,"IN","1694"
3156,"MD","1401"
3156,"MS","846"
3156,"NE","428"
3156,"NH","289"
3156,"MX","165"
3157,"SC","1673"
3157,"NC","2999"
3157,"LA","1730"
3157,"AL","1336"
3157,"TX","3677"
3157,"IN","1694"
3157,"AK","17"
3157,"GA","1146"
3157,"AR","928"
3157,"VA","2153"
3158,"NC","2999"
3158,"UT","890"
3158,"IL","2092"
3158,"GA","1146"
3158,"PA","2219"
3158,"MD","1401"
3158,"VA","2153"
3158,"SC","1673"
3158,"NY","3492"
3158,"MA","1030"
3158,"FL","2438"
3158,"TN","1944"
3159,"MD","1401"
3159,"PA","2219"
3159,"MA","1030"
3159,"NY","3492"
3159,"NJ","1257"
3159,"RI","622"
3160,"AR","928"
3160,"NE","428"
3160,"CA","3936"
3160,"AZ","600"
3160,"LA","1730"
3160,"TX","3677"
3160,"UT","890"
3160,"NV","887"
3160,"KS","555"
3160,"NM","366"
3160,"MS","846"
3160,"CO","820"
3160,"MN","197"
3160,"MO","692"
3160,"WY","142"
3160,"AL","1336"
3160,"ND","263"
3160,"WA","886"
3160,"OR","670"
3160,"IL","2092"
3160,"OH","2143"
3161,"CA","3936"
3161,"IL","2092"
3161,"NC","2999"
3161,"ID","431"
3161,"IA","697"
3161,"WY","142"
3161,"ND","263"
3161,"NM","366"
3161,"MT","310"
3161,"NV","887"
3161,"MD","1401"
3161,"HI","272"
3161,"UT","890"
3161,"CO","820"
3162,"VA","2153"
3162,"TN","1944"
3162,"MD","1401"
3162,"PA","2219"
3162,"NH","289"
3162,"RI","622"
3162,"NJ","1257"
3162,"NY","3492"
3162,"MA","1030"
3162,"CA","3936"
3162,"GA","1146"
3162,"VT","159"
3162,"CT","1268"
3163,"NV","887"
3163,"MO","692"
3163,"WV","335"
3163,"MD","1401"
3163,"IN","1694"
3163,"MA","1030"
3163,"IL","2092"
3163,"NE","428"
3163,"PA","2219"
3163,"TX","3677"
3163,"OH","2143"
3163,"WI","664"
3163,"VA","2153"
3163,"FL","2438"
3163,"RI","622"
3163,"TN","1944"
3163,"CT","1268"
3163,"NC","2999"
3163,"OR","670"
3163,"OK","710"
3163,"LA","1730"
3163,"SC","1673"
3163,"DC","580"
3163,"NY","3492"
3163,"NJ","1257"
3163,"ON","3"
3163,"GA","1146"
3163,"VI","118"
3163,"KS","555"
3163,"CA","3936"
3163,"KY","1069"
3164,"VA","2153"
3164,"FL","2438"
3164,"NC","2999"
3164,"NY","3492"
3164,"MD","1401"
3164,"SC","1673"
3164,"DE","285"
3164,"GA","1146"
3164,"DC","580"
3165,"OH","2143"
3165,"RI","622"
3165,"PA","2219"
3165,"MD","1401"
3165,"IL","2092"
3165,"DE","285"
3165,"MA","1030"
3165,"VT","159"
3165,"DC","580"
3165,"CT","1268"
3165,"NJ","1257"
3165,"NH","289"
3165,"WA","886"
3165,"CA","3936"
3165,"NY","3492"
3166,"KS","555"
3166,"RI","622"
3166,"TX","3677"
3166,"NC","2999"
3166,"SD","352"
3166,"IN","1694"
3166,"ND","263"
3166,"OH","2143"
3166,"NE","428"
3166,"BA","109"
3166,"DC","580"
3166,"NV","887"
3166,"FL","2438"
3166,"IA","697"
3166,"UT","890"
3166,"TN","1944"
3166,"WI","664"
3166,"CA","3936"
3166,"NY","3492"
3166,"MX","165"
3166,"WY","142"
3166,"IL","2092"
3166,"MO","692"
3166,"OR","670"
3166,"PA","2219"
3166,"NJ","1257"
3167,"LA","1730"
3167,"IL","2092"
3167,"CA","3936"
3167,"FL","2438"
3167,"HI","272"
3167,"ID","431"
3167,"WA","886"
3167,"NV","887"
3167,"NM","366"
3167,"MO","692"
3167,"OR","670"
3167,"TX","3677"
3167,"MT","310"
3167,"UT","890"
3167,"AZ","600"
3168,"CA","3936"
3168,"NM","366"
3168,"NJ","1257"
3168,"NV","887"
3168,"WA","886"
3168,"OR","670"
3168,"NY","3492"
3168,"UT","890"
3168,"CO","820"
3168,"AZ","600"
3169,"SC","1673"
3169,"HI","272"
3169,"CA","3936"
3169,"GA","1146"
3169,"OR","670"
3169,"UT","890"
3169,"WA","886"
3169,"NE","428"
3169,"AZ","600"
3170,"ID","431"
3170,"CA","3936"
3170,"UT","890"
3170,"CO","820"
3170,"WA","886"
3170,"NV","887"
3170,"ND","263"
3170,"OR","670"
3170,"MT","310"
3170,"NM","366"
3170,"AZ","600"
3171,"NY","3492"
3171,"RI","622"
3171,"VT","159"
3171,"NJ","1257"
3171,"PA","2219"
3171,"NH","289"
3171,"CA","3936"
3171,"MA","1030"
3171,"CT","1268"
3171,"CO","820"
3172,"PA","2219"
3172,"TX","3677"
3172,"MD","1401"
3172,"TN","1944"
3172,"NY","3492"
3172,"GA","1146"
3172,"KY","1069"
3172,"AL","1336"
3172,"NC","2999"
3172,"VA","2153"
3172,"MO","692"
3172,"MA","1030"
3172,"DC","580"
3172,"RI","622"
3172,"SC","1673"
3173,"CT","1268"
3173,"MI","1067"
3173,"MD","1401"
3173,"FL","2438"
3173,"VA","2153"
3173,"MA","1030"
3173,"PA","2219"
3173,"NC","2999"
3173,"NH","289"
3173,"TN","1944"
3173,"NV","887"
3173,"MN","197"
3173,"NY","3492"
3173,"NJ","1257"
3173,"IA","697"
3173,"OH","2143"
3173,"CA","3936"
3173,"DC","580"
3173,"AZ","600"
3173,"MO","692"
3173,"IL","2092"
3173,"WI","664"
3173,"KY","1069"
3173,"ME","168"
3173,"RI","622"
3173,"IN","1694"
3174,"LA","1730"
3174,"CO","820"
3174,"MD","1401"
3174,"CT","1268"
3174,"MA","1030"
3174,"CA","3936"
3174,"GA","1146"
3174,"DE","285"
3174,"DC","580"
3174,"NY","3492"
3174,"NC","2999"
3174,"NH","289"
3174,"VA","2153"
3174,"ME","168"
3174,"VT","159"
3174,"SC","1673"
3174,"AR","928"
3174,"FL","2438"
3174,"NJ","1257"
3174,"RI","622"
3174,"PA","2219"
3175,"SC","1673"
3175,"TX","3677"
3175,"DC","580"
3175,"MD","1401"
3175,"FL","2438"
3175,"VA","2153"
3175,"NY","3492"
3175,"DE","285"
3175,"NJ","1257"
3175,"NC","2999"
3175,"GA","1146"
3176,"SD","352"
3176,"UT","890"
3176,"AL","1336"
3176,"NE","428"
3176,"LA","1730"
3176,"CA","3936"
3176,"ND","263"
3176,"OK","710"
3176,"AR","928"
3176,"MO","692"
3176,"TX","3677"
3176,"NM","366"
3176,"NV","887"
3176,"CO","820"
3176,"OR","670"
3176,"MD","1401"
3176,"IL","2092"
3176,"MT","310"
3176,"IN","1694"
3176,"WI","664"
3176,"KY","1069"
3177,"OK","710"
3177,"NV","887"
3177,"MO","692"
3177,"VI","118"
3177,"NY","3492"
3177,"MX","165"
3177,"MS","846"
3177,"RI","622"
3177,"NC","2999"
3177,"KY","1069"
3177,"WI","664"
3177,"NJ","1257"
3177,"IL","2092"
3177,"IN","1694"
3177,"WV","335"
3177,"CT","1268"
3177,"DC","580"
3177,"HI","272"
3177,"OH","2143"
3177,"PA","2219"
3177,"NE","428"
3177,"TX","3677"
3177,"FL","2438"
3178,"IL","2092"
3178,"FL","2438"
3178,"DE","285"
3178,"WI","664"
3178,"NY","3492"
3178,"IN","1694"
3178,"MI","1067"
3178,"KY","1069"
3178,"OH","2143"
3178,"CA","3936"
3179,"NE","428"
3179,"BC","21"
3179,"FL","2438"
3179,"TX","3677"
3179,"NV","887"
3179,"WA","886"
3179,"SD","352"
3179,"AZ","600"
3179,"IN","1694"
3179,"CA","3936"
3179,"IA","697"
3179,"ID","431"
3179,"KS","555"
3179,"MO","692"
3179,"WI","664"
3179,"IL","2092"
3179,"LA","1730"
3179,"ND","263"
3179,"CO","820"
3180,"PA","2219"
3180,"NY","3492"
3180,"MD","1401"
3180,"SC","1673"
3180,"GA","1146"
3180,"DE","285"
3180,"FL","2438"
3180,"CA","3936"
3180,"CT","1268"
3180,"OH","2143"
3180,"NC","2999"
3180,"MA","1030"
3180,"VA","2153"
3180,"VT","159"
3180,"RI","622"
3181,"BA","109"
3181,"MX","165"
3181,"GA","1146"
3181,"CA","3936"
3181,"OK","710"
3181,"UT","890"
3181,"VA","2153"
3181,"FL","2438"
3181,"PA","2219"
3181,"TN","1944"
3181,"AL","1336"
3181,"NY","3492"
3181,"SC","1673"
3181,"NC","2999"
3181,"AZ","600"
3181,"MI","1067"
3181,"NV","887"
3181,"OH","2143"
3181,"TX","3677"
3181,"MA","1030"
3181,"ME","168"
3181,"NJ","1257"
3181,"MD","1401"
3181,"WI","664"
3181,"VI","118"
3181,"KY","1069"
3182,"ND","263"
3182,"SC","1673"
3182,"CT","1268"
3182,"CA","3936"
3182,"MA","1030"
3182,"MD","1401"
3182,"OH","2143"
3182,"DC","580"
3182,"NM","366"
3182,"NY","3492"
3182,"WV","335"
3182,"PA","2219"
3182,"MI","1067"
3182,"IN","1694"
3182,"NC","2999"
3182,"VA","2153"
3182,"RI","622"
3182,"MO","692"
3182,"KY","1069"
3182,"FL","2438"
3182,"NH","289"
3182,"IL","2092"
3182,"NJ","1257"
3183,"TN","1944"
3183,"CA","3936"
3183,"IL","2092"
3183,"IN","1694"
3183,"FL","2438"
3183,"KY","1069"
3183,"MO","692"
3183,"TX","3677"
3183,"AR","928"
3183,"AL","1336"
3183,"OH","2143"
3184,"WV","335"
3184,"VA","2153"
3184,"OH","2143"
3184,"IL","2092"
3184,"KY","1069"
3184,"TN","1944"
3184,"FL","2438"
3184,"MI","1067"
3184,"GA","1146"
3184,"AL","1336"
3184,"MO","692"
3184,"NC","2999"
3184,"IN","1694"
3185,"IL","2092"
3185,"NJ","1257"
3185,"MA","1030"
3185,"NM","366"
3185,"OH","2143"
3185,"TX","3677"
3185,"MI","1067"
3185,"MO","692"
3185,"WA","886"
3185,"HI","272"
3185,"IN","1694"
3185,"KY","1069"
3185,"VA","2153"
3185,"CO","820"
3185,"NY","3492"
3186,"MT","310"
3186,"IN","1694"
3186,"ND","263"
3186,"CO","820"
3186,"KS","555"
3186,"WA","886"
3186,"ID","431"
3186,"CA","3936"
3186,"FL","2438"
3186,"OR","670"
3186,"MI","1067"
3186,"AZ","600"
3186,"NV","887"
3186,"UT","890"
3187,"NY","3492"
3187,"NJ","1257"
3187,"GA","1146"
3187,"IA","697"
3187,"CT","1268"
3187,"AL","1336"
3187,"TX","3677"
3187,"OH","2143"
3187,"HI","272"
3187,"MD","1401"
3187,"DE","285"
3187,"WV","335"
3187,"TN","1944"
3187,"SC","1673"
3187,"OK","710"
3187,"DC","580"
3187,"VA","2153"
3187,"NC","2999"
3187,"BA","109"
3187,"LA","1730"
3187,"RI","622"
3187,"FL","2438"
3188,"OH","2143"
3188,"FL","2438"
3188,"CO","820"
3188,"BA","109"
3188,"MO","692"
3188,"IL","2092"
3188,"AL","1336"
3188,"IN","1694"
3188,"NE","428"
3188,"KY","1069"
3188,"TN","1944"
3188,"TX","3677"
3189,"GA","1146"
3189,"NV","887"
3189,"NC","2999"
3189,"MD","1401"
3189,"DE","285"
3189,"MI","1067"
3189,"PA","2219"
3189,"TN","1944"
3189,"SC","1673"
3189,"AL","1336"
3189,"VA","2153"
3189,"NY","3492"
3189,"MA","1030"
3189,"DC","580"
3189,"FL","2438"
3190,"AL","1336"
3190,"NC","2999"
3190,"VA","2153"
3190,"KY","1069"
3190,"TN","1944"
3190,"FL","2438"
3190,"PA","2219"
3190,"HI","272"
3190,"SC","1673"
3190,"IN","1694"
3190,"GA","1146"
3190,"LA","1730"
3191,"TN","1944"
3191,"MO","692"
3191,"ME","168"
3191,"KY","1069"
3191,"IL","2092"
3191,"IA","697"
3191,"CO","820"
3191,"OH","2143"
3191,"IN","1694"
3191,"KS","555"
3192,"NJ","1257"
3192,"DC","580"
3192,"VA","2153"
3192,"MD","1401"
3192,"NY","3492"
3192,"NV","887"
3192,"RI","622"
3192,"CT","1268"
3192,"PA","2219"
3193,"TX","3677"
3193,"MD","1401"
3193,"IN","1694"
3193,"RI","622"
3193,"VA","2153"
3193,"CT","1268"
3193,"MA","1030"
3193,"NV","887"
3193,"NY","3492"
3193,"PA","2219"
3193,"NJ","1257"
3194,"NC","2999"
3194,"MT","310"
3194,"GA","1146"
3194,"IL","2092"
3194,"AR","928"
3194,"KY","1069"
3194,"LA","1730"
3194,"WV","335"
3194,"IN","1694"
3194,"CO","820"
3194,"VA","2153"
3194,"FL","2438"
3194,"AL","1336"
3194,"OK","710"
3194,"TX","3677"
3194,"NY","3492"
3194,"OH","2143"
3194,"MI","1067"
3195,"TX","3677"
3195,"NY","3492"
3195,"PR","75"
3195,"VI","118"
3195,"AR","928"
3195,"PA","2219"
3195,"NC","2999"
3195,"CA","3936"
3195,"FL","2438"
3195,"KY","1069"
3195,"RI","622"
3195,"CT","1268"
3195,"SC","1673"
3195,"MX","165"
3195,"NJ","1257"
3195,"GA","1146"
3195,"TN","1944"
3195,"VA","2153"
3195,"OH","2143"
3195,"AL","1336"
3195,"MA","1030"
3195,"DC","580"
3195,"NV","887"
3195,"HI","272"
3196,"OH","2143"
3196,"WI","664"
3196,"DC","580"
3196,"PA","2219"
3196,"MS","846"
3196,"RI","622"
3196,"TN","1944"
3196,"CO","820"
3196,"FL","2438"
3196,"ME","168"
3196,"GA","1146"
3196,"AL","1336"
3196,"VA","2153"
3196,"KY","1069"
3196,"MO","692"
3196,"BA","109"
3196,"NV","887"
3196,"AZ","600"
3196,"OK","710"
3196,"TX","3677"
3196,"SC","1673"
3196,"NY","3492"
3196,"CA","3936"
3196,"AR","928"
3196,"LA","1730"
3197,"AL","1336"
3197,"DE","285"
3197,"MD","1401"
3197,"CA","3936"
3197,"LA","1730"
3197,"GA","1146"
3197,"SC","1673"
3197,"TX","3677"
3197,"DC","580"
3197,"OH","2143"
3197,"NC","2999"
3197,"IA","697"
3197,"VA","2153"
3197,"FL","2438"
3197,"TN","1944"
3197,"MS","846"
3198,"LA","1730"
3198,"AR","928"
3198,"KY","1069"
3198,"TN","1944"
3198,"NC","2999"
3198,"MS","846"
3198,"AL","1336"
3198,"WV","335"
3198,"CO","820"
3198,"GA","1146"
3198,"FL","2438"
3198,"TX","3677"
3199,"CA","3936"
3199,"VI","118"
3199,"NE","428"
3199,"AR","928"
3199,"AL","1336"
3199,"LA","1730"
3199,"IN","1694"
3199,"NY","3492"
3199,"VA","2153"
3199,"NV","887"
3199,"WI","664"
3199,"OH","2143"
3199,"PR","75"
3199,"FL","2438"
3199,"BA","109"
3199,"IL","2092"
3199,"MX","165"
3199,"SC","1673"
3199,"MN","197"
3199,"NC","2999"
3199,"CT","1268"
3199,"MD","1401"
3199,"KY","1069"
3199,"TX","3677"
3199,"PA","2219"
3199,"MA","1030"
3199,"GA","1146"
3199,"IA","697"
3200,"CT","1268"
3200,"BA","109"
3200,"CA","3936"
3200,"NC","2999"
3200,"NV","887"
3200,"MA","1030"
3200,"OH","2143"
3200,"PA","2219"
3200,"MO","692"
3200,"VA","2153"
3200,"DE","285"
3200,"NJ","1257"
3200,"DC","580"
3200,"TX","3677"
3200,"FL","2438"
3200,"RI","622"
3200,"NY","3492"
3201,"NM","366"
3201,"HI","272"
3201,"WA","886"
3201,"NY","3492"
3201,"NV","887"
3201,"OR","670"
3201,"MT","310"
3201,"NJ","1257"
3201,"ID","431"
3201,"CO","820"
3201,"TX","3677"
3201,"WY","142"
3201,"UT","890"
3201,"CA","3936"
3201,"LA","1730"
3202,"VA","2153"
3202,"NV","887"
3202,"FL","2438"
3202,"TN","1944"
3202,"GA","1146"
3202,"AL","1336"
3202,"SC","1673"
3202,"MX","165"
3202,"NC","2999"
3203,"GA","1146"
3203,"MA","1030"
3203,"PA","2219"
3203,"MO","692"
3203,"DC","580"
3203,"OH","2143"
3203,"RI","622"
3203,"MD","1401"
3203,"NC","2999"
3203,"TN","1944"
3203,"IL","2092"
3203,"BA","109"
3203,"FL","2438"
3203,"SC","1673"
3203,"CT","1268"
3203,"TX","3677"
3203,"CA","3936"
3203,"VA","2153"
3203,"NY","3492"
3203,"DE","285"
3203,"NJ","1257"
3204,"AL","1336"
3204,"TX","3677"
3204,"AR","928"
3204,"GA","1146"
3204,"FL","2438"
3204,"SC","1673"
3204,"NV","887"
3204,"NC","2999"
3204,"MS","846"
3204,"LA","1730"
3205,"MD","1401"
3205,"IN","1694"
3205,"NC","2999"
3205,"SC","1673"
3205,"KY","1069"
3205,"OK","710"
3205,"FL","2438"
3205,"GA","1146"
3205,"VA","2153"
3206,"FL","2438"
3206,"DE","285"
3206,"KS","555"
3206,"DC","580"
3206,"VA","2153"
3206,"TX","3677"
3206,"GA","1146"
3206,"NC","2999"
3206,"NV","887"
3206,"CO","820"
3206,"NY","3492"
3206,"KY","1069"
3206,"NM","366"
3206,"IL","2092"
3206,"PA","2219"
3206,"MD","1401"
3206,"MA","1030"
3206,"MO","692"
3206,"RI","622"
3206,"SC","1673"
3206,"MI","1067"
3207,"NV","887"
3207,"TN","1944"
3207,"RI","622"
3207,"SC","1673"
3207,"PA","2219"
3207,"KY","1069"
3207,"IL","2092"
3207,"CT","1268"
3207,"NC","2999"
3207,"OH","2143"
3207,"VT","159"
3207,"VI","118"
3207,"NY","3492"
3207,"NJ","1257"
3207,"DC","580"
3207,"NH","289"
3207,"NE","428"
3207,"VA","2153"
3207,"IN","1694"
3207,"WV","335"
3207,"WI","664"
3207,"CA","3936"
3207,"MI","1067"
3207,"DE","285"
3207,"TX","3677"
3207,"MD","1401"
3207,"AK","17"
3207,"FL","2438"
3207,"MO","692"
3208,"OH","2143"
3208,"BA","109"
3208,"MS","846"
3208,"VA","2153"
3208,"PR","75"
3208,"AZ","600"
3208,"WA","886"
3208,"AR","928"
3208,"TX","3677"
3208,"NM","366"
3208,"SC","1673"
3208,"CA","3936"
3208,"NC","2999"
3208,"UT","890"
3208,"FL","2438"
3208,"TN","1944"
3208,"GA","1146"
3208,"NV","887"
3208,"KY","1069"
3208,"LA","1730"
3208,"AL","1336"
3209,"DE","285"
3209,"VA","2153"
3209,"MD","1401"
3209,"MA","1030"
3209,"BA","109"
3209,"SC","1673"
3209,"NY","3492"
3209,"AR","928"
3209,"OH","2143"
3209,"FL","2438"
3209,"KY","1069"
3209,"NC","2999"
3209,"LA","1730"
3209,"AL","1336"
3209,"GA","1146"
3209,"TX","3677"
3210,"NJ","1257"
3210,"VI","118"
3210,"IL","2092"
3210,"GA","1146"
3210,"TN","1944"
3210,"OH","2143"
3210,"WI","664"
3210,"BA","109"
3210,"PR","75"
3210,"SC","1673"
3210,"FL","2438"
3210,"MX","165"
3210,"NY","3492"
3210,"WA","886"
3210,"NC","2999"
3210,"OR","670"
3210,"MD","1401"
3210,"VA","2153"
3210,"MA","1030"
3210,"PA","2219"
3210,"IN","1694"
3211,"HI","272"
3211,"FL","2438"
3211,"CA","3936"
3211,"UT","890"
3211,"OR","670"
3211,"BC","21"
3211,"WI","664"
3211,"ND","263"
3211,"MO","692"
3211,"WA","886"
3211,"WY","142"
3211,"MT","310"
3211,"NY","3492"
3211,"NV","887"
3211,"MX","165"
3211,"ID","431"
3211,"VI","118"
3211,"OH","2143"
3212,"AL","1336"
3212,"AR","928"
3212,"OK","710"
3212,"MS","846"
3212,"PR","75"
3212,"TX","3677"
3212,"LA","1730"
3213,"TX","3677"
3213,"FL","2438"
3213,"CO","820"
3213,"WA","886"
3213,"CA","3936"
3213,"NV","887"
3213,"OK","710"
3213,"LA","1730"
3213,"AZ","600"
3213,"MO","692"
3213,"IL","2092"
3213,"ND","263"
3213,"UT","890"
3214,"MS","846"
3214,"CA","3936"
3214,"NC","2999"
3214,"IL","2092"
3214,"VA","2153"
3214,"LA","1730"
3214,"DC","580"
3214,"NJ","1257"
3214,"IN","1694"
3214,"GA","1146"
3214,"DE","285"
3214,"PA","2219"
3214,"TN","1944"
3214,"AL","1336"
3214,"MD","1401"
3214,"TX","3677"
3214,"MA","1030"
3214,"FL","2438"
3214,"SC","1673"
3216,"VT","159"
3216,"NJ","1257"
3216,"MA","1030"
3216,"DE","285"
3216,"NH","289"
3216,"ME","168"
3216,"FL","2438"
3216,"CT","1268"
3216,"NY","3492"
3216,"PA","2219"
3216,"MD","1401"
3216,"RI","622"
3217,"ME","168"
3217,"NH","289"
3217,"FL","2438"
3217,"VA","2153"
3217,"CT","1268"
3217,"MA","1030"
3217,"IL","2092"
3217,"NJ","1257"
3217,"AZ","600"
3217,"CO","820"
3217,"AL","1336"
3217,"MD","1401"
3217,"ND","263"
3217,"RI","622"
3217,"MN","197"
3217,"CA","3936"
3217,"MI","1067"
3217,"WA","886"
3217,"GA","1146"
3217,"NY","3492"
3217,"PA","2219"
3217,"IN","1694"
3217,"TX","3677"
3217,"KS","555"
3218,"CO","820"
3218,"WA","886"
3218,"CA","3936"
3218,"HI","272"
3218,"NM","366"
3218,"NV","887"
3218,"NY","3492"
3218,"AZ","600"
3218,"LA","1730"
3219,"MD","1401"
3219,"TN","1944"
3219,"FL","2438"
3219,"SC","1673"
3219,"VA","2153"
3219,"GA","1146"
3219,"NC","2999"
3220,"CA","3936"
3220,"WA","886"
3220,"MD","1401"
3220,"MX","165"
3220,"DC","580"
3220,"RI","622"
3220,"NV","887"
3220,"DE","285"
3220,"SC","1673"
3220,"NC","2999"
3220,"NY","3492"
3220,"GA","1146"
3220,"FL","2438"
3220,"TN","1944"
3220,"MA","1030"
3220,"NJ","1257"
3220,"PA","2219"
3220,"VA","2153"
3220,"CT","1268"
3221,"MD","1401"
3221,"CT","1268"
3221,"PA","2219"
3221,"NY","3492"
3221,"IA","697"
3221,"FL","2438"
3221,"NJ","1257"
3221,"VT","159"
3221,"ME","168"
3221,"NH","289"
3221,"MA","1030"
3221,"DC","580"
3221,"RI","622"
3222,"CT","1268"
3222,"BC","21"
3222,"CA","3936"
3222,"WV","335"
3222,"TN","1944"
3222,"TX","3677"
3222,"CO","820"
3222,"NY","3492"
3222,"LA","1730"
3222,"NV","887"
3222,"MA","1030"
3222,"NC","2999"
3222,"KS","555"
3222,"FL","2438"
3222,"OH","2143"
3222,"VA","2153"
3222,"MS","846"
3222,"AL","1336"
3222,"NM","366"
3222,"OK","710"
3222,"PA","2219"
3223,"LA","1730"
3223,"AL","1336"
3223,"TX","3677"
3223,"OK","710"
3223,"IL","2092"
3223,"UT","890"
3224,"FL","2438"
3224,"VA","2153"
3224,"NJ","1257"
3224,"DC","580"
3224,"PA","2219"
3224,"NY","3492"
3224,"NC","2999"
3224,"MD","1401"
3224,"CA","3936"
3224,"OH","2143"
3224,"GA","1146"
3224,"NH","289"
3224,"SC","1673"
3224,"DE","285"
3225,"OR","670"
3225,"NV","887"
3225,"NM","366"
3225,"AZ","600"
3225,"MT","310"
3225,"IL","2092"
3225,"ID","431"
3225,"WA","886"
3225,"MO","692"
3225,"WY","142"
3225,"MX","165"
3225,"CA","3936"
3225,"TX","3677"
3225,"HI","272"
3225,"UT","890"
3225,"CO","820"
3225,"OH","2143"
3225,"ND","263"
3226,"UT","890"
3226,"ID","431"
3226,"SD","352"
3226,"TX","3677"
3226,"MT","310"
3226,"HI","272"
3226,"ND","263"
3226,"AZ","600"
3226,"MX","165"
3226,"NM","366"
3226,"CO","820"
3226,"CA","3936"
3226,"WA","886"
3226,"NV","887"
3226,"OR","670"
3226,"WI","664"
3227,"CO","820"
3227,"WI","664"
3227,"IN","1694"
3227,"IL","2092"
3227,"PR","75"
3227,"NY","3492"
3227,"MI","1067"
3227,"OH","2143"
3227,"DC","580"
3228,"CA","3936"
3228,"MX","165"
3228,"NM","366"
3228,"SC","1673"
3228,"VI","118"
3228,"OH","2143"
3228,"NV","887"
3228,"CO","820"
3228,"TN","1944"
3228,"IN","1694"
3228,"NC","2999"
3228,"BA","109"
3228,"NE","428"
3228,"MI","1067"
3228,"WI","664"
3228,"HI","272"
3228,"PA","2219"
3228,"IL","2092"
3228,"MO","692"
3228,"MN","197"
3229,"CA","3936"
3229,"KY","1069"
3229,"IL","2092"
3229,"KS","555"
3229,"WI","664"
3229,"AZ","600"
3229,"ND","263"
3229,"MO","692"
3229,"MX","165"
3229,"IA","697"
3229,"BA","109"
3229,"IN","1694"
3230,"LA","1730"
3230,"TX","3677"
3231,"CT","1268"
3231,"OH","2143"
3231,"CA","3936"
3231,"VI","118"
3231,"TN","1944"
3231,"TX","3677"
3231,"IN","1694"
3231,"NC","2999"
3231,"SC","1673"
3231,"MO","692"
3231,"MN","197"
3231,"FL","2438"
3231,"KY","1069"
3231,"MX","165"
3231,"PR","75"
3231,"NJ","1257"
3231,"NE","428"
3231,"PA","2219"
3231,"OR","670"
3231,"MA","1030"
3231,"MI","1067"
3231,"IL","2092"
3231,"WI","664"
3231,"BA","109"
3232,"OH","2143"
3232,"IN","1694"
3232,"WV","335"
3232,"AL","1336"
3232,"IL","2092"
3232,"LA","1730"
3232,"BA","109"
3232,"KS","555"
3232,"MO","692"
3232,"IA","697"
3232,"NY","3492"
3232,"AZ","600"
3232,"SC","1673"
3232,"OK","710"
3232,"FL","2438"
3232,"MX","165"
3232,"TN","1944"
3233,"VA","2153"
3233,"RI","622"
3233,"CA","3936"
3233,"NC","2999"
3233,"MD","1401"
3233,"NY","3492"
3233,"PA","2219"
3233,"FL","2438"
3233,"MA","1030"
3233,"NJ","1257"
3233,"SC","1673"
3233,"CT","1268"
3234,"PA","2219"
3234,"NV","887"
3234,"KY","1069"
3234,"ND","263"
3234,"VA","2153"
3234,"NE","428"
3234,"NJ","1257"
3234,"BA","109"
3234,"IN","1694"
3234,"NC","2999"
3234,"CA","3936"
3234,"IL","2092"
3234,"TX","3677"
3234,"OH","2143"
3234,"IA","697"
3234,"FL","2438"
3234,"SD","352"
3234,"MN","197"
3234,"MI","1067"
3234,"PR","75"
3234,"MX","165"
3234,"WI","664"
3235,"CO","820"
3235,"TX","3677"
3235,"AR","928"
3235,"CA","3936"
3235,"ON","3"
3235,"MN","197"
3235,"KS","555"
3235,"ND","263"
3235,"WV","335"
3235,"BA","109"
3235,"NV","887"
3235,"IL","2092"
3235,"NE","428"
3235,"VI","118"
3235,"AL","1336"
3235,"WA","886"
3235,"IA","697"
3235,"MO","692"
3235,"OH","2143"
3235,"OK","710"
3235,"MX","165"
3236,"ND","263"
3236,"CO","820"
3236,"MI","1067"
3236,"IL","2092"
3236,"IN","1694"
3236,"OK","710"
3236,"VA","2153"
3236,"UT","890"
3236,"NE","428"
3236,"SD","352"
3236,"LA","1730"
3236,"OH","2143"
3237,"GA","1146"
3237,"OH","2143"
3237,"TX","3677"
3237,"ND","263"
3237,"KY","1069"
3237,"IA","697"
3237,"WI","664"
3237,"KS","555"
3237,"VA","2153"
3237,"MS","846"
3237,"IN","1694"
3237,"TN","1944"
3237,"FL","2438"
3237,"SD","352"
3237,"IL","2092"
3237,"CO","820"
3237,"MI","1067"
3237,"MO","692"
3237,"NE","428"
3237,"NV","887"
3237,"OK","710"
3238,"AL","1336"
3238,"IL","2092"
3238,"MS","846"
3238,"KY","1069"
3238,"NV","887"
3238,"LA","1730"
3238,"TX","3677"
3238,"IN","1694"
3238,"FL","2438"
3238,"AR","928"
3239,"AL","1336"
3239,"SC","1673"
3239,"VA","2153"
3239,"TN","1944"
3239,"FL","2438"
3239,"KY","1069"
3239,"LA","1730"
3239,"GA","1146"
3239,"TX","3677"
3239,"NJ","1257"
3240,"TN","1944"
3240,"NJ","1257"
3240,"KY","1069"
3240,"AR","928"
3240,"MS","846"
3240,"IL","2092"
3240,"FL","2438"
3240,"LA","1730"
3240,"AL","1336"
3240,"IN","1694"
3240,"NC","2999"
3240,"GA","1146"
3240,"MO","692"
3241,"TN","1944"
3241,"MD","1401"
3241,"DE","285"
3241,"NJ","1257"
3241,"ME","168"
3241,"FL","2438"
3241,"DC","580"
3241,"TX","3677"
3241,"CT","1268"
3241,"PA","2219"
3241,"OH","2143"
3241,"MX","165"
3241,"NY","3492"
3241,"NC","2999"
3241,"SC","1673"
3241,"VA","2153"
3241,"GA","1146"
3241,"MA","1030"
3241,"VT","159"
3242,"VI","118"
3242,"NY","3492"
3242,"TN","1944"
3242,"LA","1730"
3242,"AR","928"
3242,"CO","820"
3242,"NE","428"
3242,"TX","3677"
3242,"NC","2999"
3242,"FL","2438"
3242,"WV","335"
3242,"KS","555"
3242,"WI","664"
3242,"NV","887"
3242,"OK","710"
3242,"IA","697"
3242,"MO","692"
3243,"CA","3936"
3243,"TN","1944"
3243,"NH","289"
3243,"SD","352"
3243,"CO","820"
3243,"MX","165"
3243,"WV","335"
3243,"UT","890"
3243,"NV","887"
3243,"VI","118"
3243,"MO","692"
3243,"KS","555"
3243,"AR","928"
3243,"BA","109"
3243,"OK","710"
3243,"IA","697"
3243,"NY","3492"
3243,"NE","428"
3243,"IL","2092"
3243,"CT","1268"
3243,"TX","3677"
3243,"SC","1673"
3243,"NC","2999"
3244,"MD","1401"
3244,"TN","1944"
3244,"GA","1146"
3244,"NJ","1257"
3244,"SC","1673"
3244,"FL","2438"
3244,"NC","2999"
3244,"AL","1336"
3244,"NY","3492"
3245,"OH","2143"
3245,"MI","1067"
3245,"NJ","1257"
3245,"TX","3677"
3245,"NV","887"
3245,"KY","1069"
3245,"AK","17"
3245,"MA","1030"
3245,"FL","2438"
3245,"IL","2092"
3245,"NY","3492"
3245,"PA","2219"
3246,"RI","622"
3246,"CT","1268"
3246,"OH","2143"
3246,"IA","697"
3246,"GA","1146"
3246,"VI","118"
3246,"MI","1067"
3246,"TX","3677"
3246,"CA","3936"
3246,"MS","846"
3246,"TN","1944"
3246,"LA","1730"
3246,"IL","2092"
3246,"MT","310"
3246,"AL","1336"
3246,"MO","692"
3246,"NM","366"
3246,"VA","2153"
3246,"AZ","600"
3246,"NY","3492"
3246,"FL","2438"
3246,"SC","1673"
3246,"WA","886"
3246,"KY","1069"
3246,"AR","928"
3246,"NC","2999"
3247,"NH","289"
3247,"RI","622"
3247,"MA","1030"
3247,"IL","2092"
3247,"DE","285"
3247,"DC","580"
3247,"MD","1401"
3247,"CT","1268"
3247,"FL","2438"
3247,"NC","2999"
3247,"VA","2153"
3247,"NJ","1257"
3247,"NY","3492"
3247,"MO","692"
3247,"PA","2219"
3247,"OH","2143"
3247,"GA","1146"
3248,"IL","2092"
3248,"OK","710"
3248,"MD","1401"
3248,"RI","622"
3248,"PA","2219"
3248,"DC","580"
3248,"NJ","1257"
3248,"MA","1030"
3248,"NY","3492"
3249,"AZ","600"
3249,"LA","1730"
3249,"NM","366"
3249,"CA","3936"
3249,"MS","846"
3249,"AR","928"
3249,"NY","3492"
3249,"KS","555"
3249,"TX","3677"
3250,"NJ","1257"
3250,"DC","580"
3250,"DE","285"
3250,"RI","622"
3250,"AZ","600"
3250,"MA","1030"
3250,"NY","3492"
3250,"TN","1944"
3250,"CT","1268"
3250,"MD","1401"
3250,"IN","1694"
3250,"PA","2219"
3250,"VA","2153"
3251,"PA","2219"
3251,"AL","1336"
3251,"TN","1944"
3251,"SC","1673"
3251,"MO","692"
3251,"FL","2438"
3251,"GA","1146"
3251,"NC","2999"
3251,"VA","2153"
3251,"NJ","1257"
3251,"MD","1401"
3252,"KY","1069"
3252,"IN","1694"
3252,"FL","2438"
3252,"AL","1336"
3252,"SC","1673"
3252,"NJ","1257"
3252,"OH","2143"
3252,"TN","1944"
3252,"GA","1146"
3253,"AK","17"
3253,"NY","3492"
3253,"NM","366"
3253,"OR","670"
3253,"CO","820"
3253,"HI","272"
3253,"NV","887"
3253,"WA","886"
3253,"CA","3936"
3253,"TX","3677"
3253,"FL","2438"
3253,"AZ","600"
3253,"UT","890"
3254,"NJ","1257"
3254,"FL","2438"
3254,"DE","285"
3254,"RI","622"
3254,"NV","887"
3254,"CT","1268"
3254,"MD","1401"
3254,"MA","1030"
3254,"PA","2219"
3254,"TN","1944"
3254,"NY","3492"
3254,"LA","1730"
3254,"DC","580"
3254,"AZ","600"
3255,"VA","2153"
3255,"OH","2143"
3255,"NJ","1257"
3255,"NC","2999"
3255,"MD","1401"
3255,"MA","1030"
3255,"CO","820"
3255,"PA","2219"
3255,"GA","1146"
3255,"SC","1673"
3256,"ID","431"
3256,"NM","366"
3256,"FL","2438"
3256,"NY","3492"
3256,"AR","928"
3256,"TX","3677"
3256,"TN","1944"
3256,"UT","890"
3256,"CO","820"
3256,"VA","2153"
3256,"WV","335"
3256,"AZ","600"
3256,"HI","272"
3256,"VI","118"
3256,"KY","1069"
3256,"NV","887"
3256,"GA","1146"
3256,"OK","710"
3256,"BA","109"
3256,"AL","1336"
3256,"CA","3936"
3256,"MS","846"
3256,"LA","1730"
3257,"CA","3936"
3257,"VA","2153"
3257,"PA","2219"
3257,"MX","165"
3257,"CO","820"
3257,"FL","2438"
3257,"LA","1730"
3257,"IN","1694"
3257,"MD","1401"
3257,"AZ","600"
3257,"NV","887"
3257,"NC","2999"
3257,"GA","1146"
3257,"ID","431"
3257,"IA","697"
3257,"WI","664"
3257,"NH","289"
3257,"DC","580"
3257,"MA","1030"
3257,"MI","1067"
3257,"VI","118"
3257,"SD","352"
3257,"OH","2143"
3257,"TN","1944"
3257,"SC","1673"
3257,"MO","692"
3257,"KY","1069"
3257,"OK","710"
3257,"WA","886"
3257,"TX","3677"
3257,"OR","670"
3257,"NY","3492"
3257,"CT","1268"
3257,"NJ","1257"
3257,"RI","622"
3258,"AZ","600"
3258,"NV","887"
3258,"OR","670"
3258,"NM","366"
3258,"WA","886"
3258,"CA","3936"
3258,"BA","109"
3258,"MO","692"
3258,"HI","272"
3259,"VA","2153"
3259,"PA","2219"
3259,"NJ","1257"
3259,"CT","1268"
3259,"TN","1944"
3259,"MD","1401"
3259,"NY","3492"
3259,"MA","1030"
3259,"DC","580"
3260,"PA","2219"
3260,"IA","697"
3260,"TX","3677"
3260,"KY","1069"
3260,"NY","3492"
3260,"CO","820"
3260,"OR","670"
3260,"IL","2092"
3260,"MO","692"
3260,"MI","1067"
3260,"WA","886"
3260,"WI","664"
3260,"OH","2143"
3260,"IN","1694"
3261,"FL","2438"
3261,"NJ","1257"
3261,"TN","1944"
3261,"CA","3936"
3261,"AR","928"
3261,"TX","3677"
3261,"SC","1673"
3261,"LA","1730"
3261,"AL","1336"
3261,"CT","1268"
3261,"NY","3492"
3261,"GA","1146"
3261,"KY","1069"
3261,"KS","555"
3261,"NC","2999"
3261,"NV","887"
3261,"VI","118"
3261,"MS","846"
3261,"BA","109"
3261,"OH","2143"
3262,"MD","1401"
3262,"NJ","1257"
3262,"MA","1030"
3262,"RI","622"
3262,"NY","3492"
3262,"VT","159"
3262,"NH","289"
3262,"CT","1268"
3263,"NH","289"
3263,"VA","2153"
3263,"ME","168"
3263,"CT","1268"
3263,"MN","197"
3263,"NC","2999"
3263,"FL","2438"
3263,"RI","622"
3263,"ND","263"
3263,"NY","3492"
3263,"MA","1030"
3263,"MD","1401"
3263,"VT","159"
3263,"TX","3677"
3263,"DE","285"
3263,"SC","1673"
3264,"LA","1730"
3264,"RI","622"
3264,"NJ","1257"
3264,"NY","3492"
3264,"MD","1401"
3264,"CT","1268"
3264,"CA","3936"
3264,"MA","1030"
3265,"BA","109"
3265,"MA","1030"
3265,"TX","3677"
3265,"VI","118"
3265,"MX","165"
3265,"NH","289"
3265,"NJ","1257"
3265,"NV","887"
3265,"GA","1146"
3265,"KS","555"
3265,"NC","2999"
3265,"OH","2143"
3265,"NY","3492"
3265,"PA","2219"
3265,"CT","1268"
3265,"VT","159"
3265,"FL","2438"
3265,"MD","1401"
3265,"TN","1944"
3266,"NE","428"
3266,"DC","580"
3266,"FL","2438"
3266,"CT","1268"
3266,"MX","165"
3266,"VI","118"
3266,"VT","159"
3266,"OR","670"
3266,"OH","2143"
3266,"NV","887"
3266,"NJ","1257"
3266,"NY","3492"
3266,"SD","352"
3266,"RI","622"
3266,"CA","3936"
3266,"PA","2219"
3266,"KY","1069"
3266,"MI","1067"
3266,"IA","697"
3266,"IL","2092"
3266,"TX","3677"
3266,"TN","1944"
3266,"WI","664"
3266,"IN","1694"
3267,"WV","335"
3267,"TN","1944"
3267,"RI","622"
3267,"IN","1694"
3267,"KY","1069"
3267,"LA","1730"
3267,"OK","710"
3267,"NJ","1257"
3267,"IL","2092"
3267,"VA","2153"
3267,"SC","1673"
3267,"TX","3677"
3267,"AL","1336"
3267,"MS","846"
3267,"DC","580"
3267,"OH","2143"
3267,"FL","2438"
3268,"VI","118"
3268,"WA","886"
3268,"IL","2092"
3268,"MD","1401"
3268,"PR","75"
3268,"MA","1030"
3268,"TN","1944"
3268,"FL","2438"
3268,"MI","1067"
3268,"MN","197"
3268,"GA","1146"
3268,"VA","2153"
3268,"PA","2219"
3268,"WI","664"
3268,"OH","2143"
3268,"NJ","1257"
3268,"NY","3492"
3268,"DE","285"
3268,"IA","697"
3268,"KY","1069"
3268,"IN","1694"
3268,"NE","428"
3268,"SC","1673"
3268,"DC","580"
3268,"NV","887"
3268,"NC","2999"
3269,"FL","2438"
3269,"PA","2219"
3269,"NY","3492"
3269,"VA","2153"
3269,"CT","1268"
3269,"VT","159"
3269,"TX","3677"
3269,"MA","1030"
3269,"IA","697"
3269,"OH","2143"
3269,"MO","692"
3269,"RI","622"
3269,"NJ","1257"
3269,"NC","2999"
3270,"LA","1730"
3270,"TX","3677"
3270,"NY","3492"
3270,"NJ","1257"
3270,"AR","928"
3270,"OK","710"
3271,"GA","1146"
3271,"NC","2999"
3271,"MD","1401"
3271,"VA","2153"
3271,"DC","580"
3271,"DE","285"
3271,"FL","2438"
3271,"SC","1673"
3272,"PA","2219"
3272,"AR","928"
3272,"MO","692"
3272,"KS","555"
3272,"MI","1067"
3272,"OH","2143"
3272,"FL","2438"
3272,"LA","1730"
3272,"SC","1673"
3272,"DC","580"
3272,"IN","1694"
3272,"BA","109"
3272,"NY","3492"
3272,"IL","2092"
3272,"MS","846"
3272,"OK","710"
3272,"CT","1268"
3272,"NJ","1257"
3272,"TX","3677"
3272,"NC","2999"
3272,"WA","886"
3272,"TN","1944"
3272,"AL","1336"
3272,"WV","335"
3273,"MO","692"
3273,"DC","580"
3273,"GA","1146"
3273,"KY","1069"
3273,"FL","2438"
3273,"TN","1944"
3273,"AL","1336"
3273,"SC","1673"
3273,"IL","2092"
3273,"NC","2999"
3273,"LA","1730"
3273,"TX","3677"
3274,"PA","2219"
3274,"KY","1069"
3274,"PR","75"
3274,"IA","697"
3274,"WI","664"
3274,"GA","1146"
3274,"MI","1067"
3274,"LA","1730"
3274,"AK","17"
3274,"OH","2143"
3274,"WA","886"
3274,"MS","846"
3274,"IL","2092"
3274,"MA","1030"
3274,"AL","1336"
3274,"FL","2438"
3274,"MD","1401"
3274,"VA","2153"
3274,"NC","2999"
3274,"SC","1673"
3274,"CA","3936"
3274,"NY","3492"
3275,"TN","1944"
3275,"KY","1069"
3275,"VA","2153"
3275,"FL","2438"
3275,"PA","2219"
3275,"NY","3492"
3275,"IL","2092"
3275,"OH","2143"
3275,"CA","3936"
3275,"IN","1694"
3275,"WV","335"
3275,"MI","1067"
3275,"MX","165"
3275,"AL","1336"
3276,"NJ","1257"
3276,"FL","2438"
3276,"MA","1030"
3276,"MN","197"
3276,"CA","3936"
3276,"IA","697"
3276,"PA","2219"
3276,"MX","165"
3276,"NY","3492"
3276,"IN","1694"
3276,"NE","428"
3276,"GA","1146"
3276,"IL","2092"
3276,"NM","366"
3276,"KY","1069"
3276,"MI","1067"
3276,"TX","3677"
3276,"VI","118"
3276,"VA","2153"
3276,"OH","2143"
3276,"WI","664"
3277,"CT","1268"
3277,"IN","1694"
3277,"WI","664"
3277,"LA","1730"
3277,"IA","697"
3277,"KY","1069"
3277,"NY","3492"
3277,"MN","197"
3277,"MA","1030"
3277,"IL","2092"
3277,"KS","555"
3277,"NJ","1257"
3277,"NC","2999"
3277,"NV","887"
3277,"OH","2143"
3277,"PR","75"
3277,"MI","1067"
3277,"PA","2219"
3277,"BA","109"
3277,"CA","3936"
3277,"MX","165"
3277,"FL","2438"
3277,"TN","1944"
3277,"RI","622"
3277,"MD","1401"
3277,"MS","846"
3278,"IA","697"
3278,"PR","75"
3278,"DC","580"
3278,"OH","2143"
3278,"HI","272"
3278,"IN","1694"
3278,"WI","664"
3278,"NV","887"
3278,"NC","2999"
3278,"NM","366"
3278,"BA","109"
3278,"FL","2438"
3278,"OR","670"
3278,"RI","622"
3278,"NE","428"
3278,"CA","3936"
3278,"ND","263"
3278,"MN","197"
3278,"MI","1067"
3278,"IL","2092"
3278,"TN","1944"
3278,"VA","2153"
3278,"PA","2219"
3278,"MA","1030"
3278,"MX","165"
3279,"MA","1030"
3279,"KY","1069"
3279,"AL","1336"
3279,"AR","928"
3279,"TX","3677"
3279,"NV","887"
3279,"IL","2092"
3279,"MS","846"
3279,"LA","1730"
3279,"HI","272"
3279,"TN","1944"
3279,"FL","2438"
3279,"MO","692"
3279,"NY","3492"
3279,"PA","2219"
3279,"GA","1146"
3280,"KY","1069"
3280,"OR","670"
3280,"TN","1944"
3280,"VA","2153"
3280,"SC","1673"
3280,"MS","846"
3280,"MO","692"
3280,"MX","165"
3280,"NV","887"
3280,"IA","697"
3280,"ME","168"
3280,"ND","263"
3280,"WA","886"
3280,"TX","3677"
3280,"AR","928"
3280,"GA","1146"
3280,"CA","3936"
3280,"AL","1336"
3280,"WI","664"
3280,"NC","2999"
3280,"OK","710"
3280,"LA","1730"
3280,"FL","2438"
3280,"OH","2143"
3280,"HI","272"
3280,"PA","2219"
3280,"BC","21"
3281,"IL","2092"
3281,"MS","846"
3281,"MO","692"
3281,"TX","3677"
3281,"HI","272"
3281,"KS","555"
3281,"IA","697"
3281,"CA","3936"
3281,"MX","165"
3281,"NC","2999"
3281,"CO","820"
3281,"NE","428"
3281,"BA","109"
3281,"AR","928"
3281,"WV","335"
3281,"SC","1673"
3281,"FL","2438"
3281,"IN","1694"
3281,"VI","118"
3281,"TN","1944"
3281,"AL","1336"
3281,"GA","1146"
3282,"MD","1401"
3282,"NY","3492"
3282,"IA","697"
3282,"AZ","600"
3282,"ND","263"
3282,"KS","555"
3282,"CA","3936"
3282,"NV","887"
3282,"LA","1730"
3282,"IL","2092"
3282,"IN","1694"
3282,"MI","1067"
3282,"MO","692"
3282,"CO","820"
3282,"FL","2438"
3282,"VA","2153"
3282,"TX","3677"
3282,"NM","366"
3282,"SD","352"
3282,"WA","886"
3282,"UT","890"
3283,"OH","2143"
3283,"IL","2092"
3283,"OK","710"
3283,"IN","1694"
3283,"NE","428"
3283,"MS","846"
3283,"FL","2438"
3283,"MD","1401"
3283,"MX","165"
3283,"LA","1730"
3283,"SD","352"
3283,"IA","697"
3283,"TX","3677"
3283,"MO","692"
3283,"MN","197"
3283,"ID","431"
3283,"KS","555"
3283,"AR","928"
3284,"CT","1268"
3284,"NY","3492"
3284,"DC","580"
3284,"RI","622"
3284,"PA","2219"
3284,"MA","1030"
3284,"CA","3936"
3284,"NJ","1257"
3284,"MI","1067"
3284,"FL","2438"
3284,"NC","2999"
3285,"AZ","600"
3285,"NV","887"
3285,"WY","142"
3285,"CA","3936"
3285,"UT","890"
3285,"MX","165"
3285,"MT","310"
3285,"CO","820"
3285,"ND","263"
3285,"OR","670"
3285,"ID","431"
3285,"PA","2219"
3285,"WA","886"
3286,"ND","263"
3286,"AZ","600"
3286,"HI","272"
3286,"OR","670"
3286,"WA","886"
3286,"TX","3677"
3286,"MT","310"
3286,"CA","3936"
3286,"UT","890"
3286,"FL","2438"
3286,"ID","431"
3286,"CO","820"
3286,"NV","887"
3287,"IL","2092"
3287,"TN","1944"
3287,"NY","3492"
3287,"PA","2219"
3287,"FL","2438"
3287,"MO","692"
3287,"WV","335"
3287,"GA","1146"
3287,"KY","1069"
3287,"IN","1694"
3287,"VA","2153"
3287,"AL","1336"
3287,"NC","2999"
3288,"VA","2153"
3288,"FL","2438"
3288,"MD","1401"
3288,"IL","2092"
3288,"MA","1030"
3288,"NY","3492"
3288,"DC","580"
3288,"WV","335"
3288,"SC","1673"
3288,"NJ","1257"
3288,"CT","1268"
3288,"NC","2999"
3288,"GA","1146"
3288,"DE","285"
3290,"TN","1944"
3290,"AR","928"
3290,"AL","1336"
3290,"TX","3677"
3290,"MS","846"
3290,"LA","1730"
3291,"NV","887"
3291,"DC","580"
3291,"CA","3936"
3291,"PA","2219"
3291,"VA","2153"
3291,"MD","1401"
3291,"NC","2999"
3291,"DE","285"
3291,"IL","2092"
3291,"NJ","1257"
3291,"CT","1268"
3291,"RI","622"
3291,"NY","3492"
3292,"VA","2153"
3292,"MS","846"
3292,"CO","820"
3292,"AL","1336"
3292,"TN","1944"
3292,"WV","335"
3292,"LA","1730"
3292,"SC","1673"
3292,"NY","3492"
3292,"TX","3677"
3292,"AR","928"
3292,"FL","2438"
3292,"MO","692"
3292,"OK","710"
3292,"OH","2143"
3292,"NV","887"
3292,"PA","2219"
3292,"NC","2999"
3292,"KY","1069"
3293,"LA","1730"
3293,"IN","1694"
3293,"NC","2999"
3293,"KY","1069"
3293,"FL","2438"
3293,"AL","1336"
3293,"IL","2092"
3293,"VA","2153"
3293,"TN","1944"
3293,"MS","846"
3293,"KS","555"
3293,"MO","692"
3294,"NM","366"
3294,"WY","142"
3294,"TN","1944"
3294,"KS","555"
3294,"IL","2092"
3294,"CA","3936"
3294,"UT","890"
3294,"CO","820"
3294,"WA","886"
3294,"ND","263"
3294,"AZ","600"
3294,"TX","3677"
3294,"NV","887"
3294,"OR","670"
3294,"ID","431"
3294,"NE","428"
3294,"MO","692"
3294,"MT","310"
3295,"CO","820"
3295,"LA","1730"
3295,"MI","1067"
3295,"AK","17"
3295,"NJ","1257"
3295,"KS","555"
3295,"NH","289"
3295,"SD","352"
3295,"IA","697"
3295,"IL","2092"
3295,"MD","1401"
3295,"MO","692"
3295,"ND","263"
3295,"CA","3936"
3295,"IN","1694"
3295,"MN","197"
3295,"UT","890"
3295,"NE","428"
3295,"FL","2438"
3296,"KY","1069"
3296,"VA","2153"
3296,"OH","2143"
3296,"IN","1694"
3296,"NV","887"
3296,"MT","310"
3296,"PR","75"
3296,"NM","366"
3296,"CO","820"
3296,"NY","3492"
3296,"ND","263"
3296,"MI","1067"
3296,"TX","3677"
3296,"IA","697"
3296,"MN","197"
3296,"IL","2092"
3296,"MO","692"
3297,"KY","1069"
3297,"IL","2092"
3297,"PA","2219"
3297,"WI","664"
3297,"NV","887"
3297,"OH","2143"
3297,"MD","1401"
3297,"SC","1673"
3297,"MI","1067"
3297,"TN","1944"
3297,"FL","2438"
3297,"IN","1694"
3297,"GA","1146"
3298,"NJ","1257"
3298,"NC","2999"
3298,"NV","887"
3298,"NY","3492"
3298,"OH","2143"
3298,"MA","1030"
3298,"ME","168"
3298,"WV","335"
3298,"DC","580"
3298,"TX","3677"
3298,"OK","710"
3298,"PA","2219"
3298,"SC","1673"
3298,"DE","285"
3298,"VA","2153"
3298,"MD","1401"
3298,"CO","820"
3299,"KS","555"
3299,"NM","366"
3299,"TN","1944"
3299,"DC","580"
3299,"VA","2153"
3299,"DE","285"
3299,"MD","1401"
3299,"FL","2438"
3299,"NY","3492"
3299,"TX","3677"
3299,"NC","2999"
3299,"IA","697"
3299,"SC","1673"
3299,"KY","1069"
3299,"IL","2092"
3299,"WV","335"
3299,"LA","1730"
3299,"GA","1146"
3299,"MS","846"
3300,"FL","2438"
3300,"DE","285"
3300,"SC","1673"
3300,"MD","1401"
3300,"GA","1146"
3300,"NY","3492"
3300,"NC","2999"
3300,"VA","2153"
3301,"PA","2219"
3301,"HI","272"
3301,"CA","3936"
3301,"TN","1944"
3301,"BA","109"
3301,"NY","3492"
3301,"NV","887"
3301,"MA","1030"
3301,"VI","118"
3301,"GA","1146"
3301,"IL","2092"
3301,"MX","165"
3301,"FL","2438"
3301,"IN","1694"
3301,"NC","2999"
3301,"TX","3677"
3301,"SC","1673"
3301,"VA","2153"
3301,"DC","580"
3301,"AL","1336"
3301,"KY","1069"
3303,"MI","1067"
3303,"CA","3936"
3303,"MO","692"
3303,"WI","664"
3303,"OK","710"
3303,"KS","555"
3303,"TX","3677"
3303,"SC","1673"
3303,"SD","352"
3303,"FL","2438"
3303,"IL","2092"
3303,"ND","263"
3303,"IN","1694"
3303,"CO","820"
3303,"MS","846"
3303,"NE","428"
3303,"AR","928"
3304,"MI","1067"
3304,"AR","928"
3304,"OH","2143"
3304,"NV","887"
3304,"IA","697"
3304,"CO","820"
3304,"KS","555"
3304,"AZ","600"
3304,"OK","710"
3304,"MO","692"
3304,"IL","2092"
3304,"WA","886"
3304,"NE","428"
3304,"TX","3677"
3304,"MN","197"
3304,"VT","159"
3304,"WI","664"
3304,"UT","890"
3304,"NJ","1257"
3304,"FL","2438"
3304,"CA","3936"
3304,"IN","1694"
3304,"PA","2219"
3305,"CO","820"
3305,"ID","431"
3305,"UT","890"
3305,"OR","670"
3305,"HI","272"
3305,"WA","886"
3305,"MX","165"
3305,"CA","3936"
3305,"NM","366"
3305,"NV","887"
3305,"AZ","600"
3306,"RI","622"
3306,"MD","1401"
3306,"MA","1030"
3306,"VT","159"
3306,"IA","697"
3306,"ME","168"
3306,"CT","1268"
3306,"NJ","1257"
3306,"DC","580"
3306,"NY","3492"
3306,"NH","289"
3306,"PA","2219"
3307,"MX","165"
3307,"FL","2438"
3307,"MN","197"
3307,"CO","820"
3307,"CA","3936"
3307,"NM","366"
3307,"NV","887"
3307,"TX","3677"
3307,"WY","142"
3307,"ID","431"
3307,"AZ","600"
3307,"UT","890"
3308,"ID","431"
3308,"IL","2092"
3308,"MI","1067"
3308,"NV","887"
3308,"TX","3677"
3308,"HI","272"
3308,"NM","366"
3308,"ND","263"
3308,"AZ","600"
3308,"LA","1730"
3308,"MO","692"
3308,"WA","886"
3308,"CO","820"
3308,"CA","3936"
3308,"FL","2438"
3308,"UT","890"
3308,"NY","3492"
3309,"TN","1944"
3309,"TX","3677"
3309,"MS","846"
3309,"AR","928"
3309,"AL","1336"
3309,"LA","1730"
3309,"CO","820"
3310,"OH","2143"
3310,"NY","3492"
3310,"PA","2219"
3310,"NV","887"
3310,"TX","3677"
3310,"MD","1401"
3310,"NJ","1257"
3310,"MA","1030"
3310,"CT","1268"
3311,"AR","928"
3311,"IL","2092"
3311,"FL","2438"
3311,"MS","846"
3311,"AL","1336"
3311,"TN","1944"
3311,"LA","1730"
3311,"OR","670"
3311,"TX","3677"
3312,"TN","1944"
3312,"UT","890"
3312,"TX","3677"
3312,"VA","2153"
3312,"NJ","1257"
3312,"IL","2092"
3312,"RI","622"
3312,"PA","2219"
3312,"SC","1673"
3312,"VT","159"
3312,"FL","2438"
3312,"DE","285"
3312,"NY","3492"
3312,"CT","1268"
3313,"FL","2438"
3313,"VA","2153"
3313,"GA","1146"
3313,"DC","580"
3313,"DE","285"
3313,"PA","2219"
3313,"MD","1401"
3313,"TX","3677"
3313,"NC","2999"
3313,"KY","1069"
3313,"SC","1673"
3313,"TN","1944"
3314,"GA","1146"
3314,"CT","1268"
3314,"NC","2999"
3314,"NJ","1257"
3314,"VI","118"
3314,"VA","2153"
3314,"NV","887"
3314,"BA","109"
3314,"NM","366"
3314,"MA","1030"
3314,"WI","664"
3314,"MX","165"
3314,"FL","2438"
3314,"OR","670"
3314,"IA","697"
3314,"CA","3936"
3314,"HI","272"
3314,"SC","1673"
3314,"DE","285"
3315,"MD","1401"
3315,"IL","2092"
3315,"IN","1694"
3315,"WA","886"
3315,"ND","263"
3315,"SC","1673"
3315,"GA","1146"
3315,"NE","428"
3315,"NJ","1257"
3315,"CO","820"
3315,"TX","3677"
3315,"MT","310"
3315,"NM","366"
3315,"FL","2438"
3315,"NV","887"
3315,"SD","352"
3315,"CA","3936"
3315,"ID","431"
3315,"UT","890"
3315,"OK","710"
3315,"AZ","600"
3315,"OR","670"
3315,"MA","1030"
3315,"WI","664"
3316,"GA","1146"
3316,"SC","1673"
3316,"FL","2438"
3316,"MO","692"
3316,"KY","1069"
3316,"NC","2999"
3316,"NJ","1257"
3316,"TN","1944"
3316,"AL","1336"
3317,"AR","928"
3317,"WV","335"
3317,"FL","2438"
3317,"TX","3677"
3317,"HI","272"
3317,"CA","3936"
3317,"LA","1730"
3317,"MS","846"
3317,"VA","2153"
3317,"PA","2219"
3317,"IL","2092"
3317,"AZ","600"
3317,"NM","366"
3317,"OK","710"
3317,"CO","820"
3317,"KY","1069"
3317,"AL","1336"
3317,"MO","692"
3318,"VA","2153"
3318,"NC","2999"
3318,"RI","622"
3318,"CA","3936"
3318,"PA","2219"
3318,"ME","168"
3318,"NY","3492"
3318,"MD","1401"
3318,"VT","159"
3318,"DE","285"
3318,"CO","820"
3318,"NH","289"
3318,"SC","1673"
3318,"MA","1030"
3318,"GA","1146"
3318,"OH","2143"
3318,"NJ","1257"
3318,"CT","1268"
3318,"IA","697"
3318,"FL","2438"
3319,"CA","3936"
3319,"AZ","600"
3319,"CO","820"
3319,"HI","272"
3319,"UT","890"
3319,"WA","886"
3319,"MT","310"
3319,"TX","3677"
3319,"ID","431"
3319,"OR","670"
3320,"IN","1694"
3320,"ND","263"
3320,"MO","692"
3320,"AZ","600"
3320,"IA","697"
3320,"NE","428"
3320,"IL","2092"
3320,"KS","555"
3320,"OK","710"
3320,"CO","820"
3320,"NV","887"
3320,"FL","2438"
3320,"MX","165"
3320,"WI","664"
3320,"NM","366"
3320,"CA","3936"
3321,"MA","1030"
3321,"VA","2153"
3321,"PA","2219"
3321,"CA","3936"
3321,"MN","197"
3321,"OH","2143"
3321,"TX","3677"
3321,"NC","2999"
3321,"WI","664"
3321,"NY","3492"
3321,"TN","1944"
3321,"KS","555"
3321,"IL","2092"
3321,"NV","887"
3321,"KY","1069"
3321,"IA","697"
3321,"MI","1067"
3321,"FL","2438"
3321,"LA","1730"
3321,"AR","928"
3321,"AZ","600"
3321,"NE","428"
3321,"IN","1694"
3321,"NJ","1257"
3322,"AR","928"
3322,"LA","1730"
3322,"TN","1944"
3322,"TX","3677"
3322,"MS","846"
3323,"UT","890"
3323,"KY","1069"
3323,"SD","352"
3323,"WA","886"
3323,"VA","2153"
3323,"MX","165"
3323,"CA","3936"
3323,"OR","670"
3323,"VI","118"
3323,"RI","622"
3323,"PA","2219"
3323,"NY","3492"
3323,"MA","1030"
3323,"NE","428"
3323,"NC","2999"
3323,"IN","1694"
3323,"FL","2438"
3323,"CT","1268"
3323,"NV","887"
3323,"SC","1673"
3323,"MD","1401"
3323,"MI","1067"
3323,"IL","2092"
3323,"OK","710"
3323,"NJ","1257"
3323,"WI","664"
3323,"CO","820"
3323,"BA","109"
3323,"DC","580"
3323,"OH","2143"
3323,"TN","1944"
3323,"BC","21"
3323,"GA","1146"
3323,"WV","335"
3323,"IA","697"
3323,"TX","3677"
3323,"ON","3"
3324,"IL","2092"
3324,"IN","1694"
3324,"MO","692"
3324,"VA","2153"
3324,"LA","1730"
3324,"TX","3677"
3324,"MI","1067"
3324,"WI","664"
3324,"ND","263"
3324,"OH","2143"
3324,"SD","352"
3324,"NY","3492"
3324,"FL","2438"
3324,"UT","890"
3324,"SC","1673"
3324,"VT","159"
3324,"DC","580"
3324,"KY","1069"
3324,"NV","887"
3325,"KY","1069"
3325,"NV","887"
3325,"IL","2092"
3325,"FL","2438"
3325,"GA","1146"
3325,"DC","580"
3325,"TN","1944"
3325,"MI","1067"
3325,"OH","2143"
3325,"VA","2153"
3325,"NC","2999"
3325,"WV","335"
3325,"IN","1694"
3325,"CO","820"
3325,"NY","3492"
3325,"UT","890"
3326,"PA","2219"
3326,"OH","2143"
3326,"MS","846"
3326,"CA","3936"
3326,"WV","335"
3326,"NJ","1257"
3326,"WA","886"
3326,"VI","118"
3326,"FL","2438"
3326,"IA","697"
3326,"KY","1069"
3326,"MI","1067"
3326,"NC","2999"
3326,"NE","428"
3326,"OK","710"
3326,"IN","1694"
3326,"NV","887"
3326,"LA","1730"
3326,"MN","197"
3326,"WI","664"
3326,"IL","2092"
3326,"MD","1401"
3328,"HI","272"
3328,"NE","428"
3328,"KY","1069"
3328,"WA","886"
3328,"CA","3936"
3328,"IL","2092"
3328,"TN","1944"
3328,"OH","2143"
3328,"NM","366"
3328,"CO","820"
3328,"KS","555"
3328,"TX","3677"
3328,"MO","692"
3328,"IA","697"
3328,"OK","710"
3328,"UT","890"
3328,"NV","887"
3328,"AR","928"
3328,"VI","118"
3328,"CT","1268"
3328,"BA","109"
3328,"VA","2153"
3328,"WI","664"
3328,"WV","335"
3328,"NY","3492"
3329,"OK","710"
3329,"WA","886"
3329,"NC","2999"
3329,"IN","1694"
3329,"NV","887"
3329,"VI","118"
3329,"AZ","600"
3329,"KS","555"
3329,"VT","159"
3329,"MO","692"
3329,"CA","3936"
3329,"FL","2438"
3329,"IA","697"
3329,"AR","928"
3329,"PR","75"
3329,"MX","165"
3329,"CO","820"
3329,"BA","109"
3329,"TX","3677"
3329,"MS","846"
3329,"UT","890"
3329,"WV","335"
3329,"NM","366"
3330,"MA","1030"
3330,"MS","846"
3330,"DC","580"
3330,"TN","1944"
3330,"OH","2143"
3330,"FL","2438"
3330,"GA","1146"
3330,"VA","2153"
3330,"WV","335"
3330,"TX","3677"
3330,"NV","887"
3330,"DE","285"
3330,"SC","1673"
3330,"NC","2999"
3330,"MD","1401"
3330,"CA","3936"
3330,"LA","1730"
3330,"AL","1336"
3330,"NY","3492"
3330,"VI","118"
3331,"MI","1067"
3331,"KS","555"
3331,"IN","1694"
3331,"LA","1730"
3331,"OK","710"
3331,"MT","310"
3331,"IL","2092"
3331,"MS","846"
3331,"WI","664"
3331,"CO","820"
3331,"TX","3677"
3331,"SD","352"
3331,"NE","428"
3331,"MO","692"
3331,"AR","928"
3331,"UT","890"
3331,"ND","263"
3332,"SC","1673"
3332,"NC","2999"
3332,"CT","1268"
3332,"MT","310"
3332,"SD","352"
3332,"UT","890"
3332,"AZ","600"
3332,"WY","142"
3332,"NV","887"
3332,"CA","3936"
3332,"TX","3677"
3332,"ID","431"
3332,"CO","820"
3332,"HI","272"
3332,"NY","3492"
3332,"WA","886"
3332,"OR","670"
3332,"VI","118"
3333,"NC","2999"
3333,"KY","1069"
3333,"PR","75"
3333,"HI","272"
3333,"MX","165"
3333,"CA","3936"
3333,"UT","890"
3333,"AZ","600"
3333,"LA","1730"
3333,"TX","3677"
3333,"WA","886"
3333,"BC","21"
3333,"FL","2438"
3333,"NV","887"
3333,"WI","664"
3333,"TN","1944"
3333,"OR","670"
3333,"CO","820"
3334,"WA","886"
3334,"NC","2999"
3334,"UT","890"
3334,"CA","3936"
3334,"OR","670"
3334,"PA","2219"
3334,"HI","272"
3334,"NV","887"
3335,"NY","3492"
3335,"NH","289"
3335,"VA","2153"
3335,"HI","272"
3335,"NJ","1257"
3335,"FL","2438"
3335,"RI","622"
3335,"CA","3936"
3335,"MD","1401"
3335,"BA","109"
3335,"IA","697"
3335,"MA","1030"
3335,"CT","1268"
3335,"PA","2219"
3336,"WI","664"
3336,"LA","1730"
3336,"RI","622"
3336,"CA","3936"
3336,"MN","197"
3336,"ME","168"
3336,"TX","3677"
3336,"FL","2438"
3336,"NY","3492"
3336,"PA","2219"
3336,"VA","2153"
3336,"WV","335"
3336,"MA","1030"
3336,"IN","1694"
3336,"MD","1401"
3336,"MX","165"
3336,"IL","2092"
3336,"OH","2143"
3336,"DC","580"
3336,"IA","697"
3336,"NV","887"
3336,"BA","109"
3336,"SC","1673"
3336,"MI","1067"
3336,"NE","428"
3337,"IA","697"
3337,"CA","3936"
3337,"NV","887"
3337,"HI","272"
3337,"AZ","600"
3337,"OR","670"
3337,"WA","886"
3337,"RI","622"
3337,"CO","820"
3337,"NM","366"
3338,"TN","1944"
3338,"SC","1673"
3338,"GA","1146"
3338,"CT","1268"
3338,"RI","622"
3338,"NV","887"
3338,"OH","2143"
3338,"VI","118"
3338,"PA","2219"
3338,"IN","1694"
3338,"VA","2153"
3338,"WV","335"
3338,"MI","1067"
3338,"NJ","1257"
3338,"KY","1069"
3338,"MX","165"
3338,"FL","2438"
3338,"NC","2999"
3338,"MD","1401"
3338,"IL","2092"
3338,"NY","3492"
3339,"NV","887"
3339,"ID","431"
3339,"HI","272"
3339,"WA","886"
3339,"CO","820"
3339,"UT","890"
3339,"MT","310"
3339,"OR","670"
3339,"TX","3677"
3339,"CA","3936"
3340,"OR","670"
3340,"WA","886"
3340,"AZ","600"
3340,"CA","3936"
3340,"TX","3677"
3340,"ND","263"
3340,"HI","272"
3340,"UT","890"
3340,"MT","310"
3340,"ID","431"
3340,"NY","3492"
3340,"NV","887"
3341,"AL","1336"
3341,"OH","2143"
3341,"OK","710"
3341,"CA","3936"
3341,"AR","928"
3341,"TN","1944"
3341,"MS","846"
3341,"TX","3677"
3341,"LA","1730"
3342,"VA","2153"
3342,"GA","1146"
3342,"SC","1673"
3342,"FL","2438"
3342,"NC","2999"
3343,"NH","289"
3343,"MO","692"
3343,"CA","3936"
3343,"DC","580"
3343,"NY","3492"
3343,"IL","2092"
3343,"NC","2999"
3343,"VA","2153"
3343,"MA","1030"
3343,"NJ","1257"
3343,"TX","3677"
3343,"FL","2438"
3343,"RI","622"
3343,"PA","2219"
3343,"CT","1268"
3343,"MX","165"
3343,"TN","1944"
3343,"MI","1067"
3343,"OR","670"
3343,"MD","1401"
3343,"DE","285"
3344,"WI","664"
3344,"NM","366"
3344,"MA","1030"
3344,"GA","1146"
3344,"NE","428"
3344,"MI","1067"
3344,"NC","2999"
3344,"NH","289"
3344,"CT","1268"
3344,"PA","2219"
3344,"NY","3492"
3344,"FL","2438"
3344,"OH","2143"
3344,"IN","1694"
3344,"RI","622"
3344,"IL","2092"
3344,"UT","890"
3344,"CA","3936"
3344,"NJ","1257"
3345,"MX","165"
3345,"FL","2438"
3345,"TN","1944"
3345,"KS","555"
3345,"NJ","1257"
3345,"CA","3936"
3345,"IA","697"
3345,"IL","2092"
3345,"OH","2143"
3345,"VI","118"
3345,"NC","2999"
3345,"NE","428"
3345,"PA","2219"
3345,"BA","109"
3345,"WI","664"
3345,"IN","1694"
3345,"KY","1069"
3345,"MN","197"
3345,"MI","1067"
3345,"MD","1401"
3345,"CT","1268"
3345,"AL","1336"
3345,"HI","272"
3346,"MO","692"
3346,"MA","1030"
3346,"VA","2153"
3346,"CA","3936"
3346,"NV","887"
3346,"OH","2143"
3346,"DC","580"
3346,"NJ","1257"
3346,"CT","1268"
3346,"PA","2219"
3346,"MD","1401"
3346,"NY","3492"
3346,"IN","1694"
3346,"MI","1067"
3346,"VT","159"
3346,"FL","2438"
3346,"RI","622"
3347,"NC","2999"
3347,"SC","1673"
3347,"FL","2438"
3347,"VA","2153"
3347,"NV","887"
3347,"TN","1944"
3348,"VT","159"
3348,"FL","2438"
3348,"NC","2999"
3348,"RI","622"
3348,"MA","1030"
3348,"NY","3492"
3348,"VA","2153"
3348,"MO","692"
3348,"PA","2219"
3348,"CT","1268"
3348,"NJ","1257"
3348,"NH","289"
3348,"ME","168"
3349,"AR","928"
3349,"AL","1336"
3349,"AZ","600"
3349,"TX","3677"
3349,"CO","820"
3349,"TN","1944"
3349,"GA","1146"
3349,"WV","335"
3349,"LA","1730"
3349,"KY","1069"
3349,"SC","1673"
3349,"NC","2999"
3349,"MS","846"
3349,"OK","710"
3349,"DC","580"
3349,"IN","1694"
3349,"FL","2438"
3349,"IL","2092"
3350,"MO","692"
3350,"AL","1336"
3350,"VA","2153"
3350,"CT","1268"
3350,"NJ","1257"
3350,"GA","1146"
3350,"KY","1069"
3350,"RI","622"
3350,"DC","580"
3350,"MA","1030"
3350,"FL","2438"
3350,"SC","1673"
3350,"NC","2999"
3350,"MD","1401"
3350,"NY","3492"
3350,"PA","2219"
3350,"MX","165"
3350,"IN","1694"
3351,"DC","580"
3351,"PA","2219"
3351,"VA","2153"
3351,"RI","622"
3351,"FL","2438"
3351,"MA","1030"
3351,"MD","1401"
3351,"CT","1268"
3351,"NJ","1257"
3351,"DE","285"
3351,"NY","3492"
3352,"NJ","1257"
3352,"OH","2143"
3352,"DE","285"
3352,"VA","2153"
3352,"CT","1268"
3352,"PA","2219"
3352,"KY","1069"
3352,"NV","887"
3352,"CA","3936"
3352,"NC","2999"
3352,"MA","1030"
3352,"RI","622"
3352,"MD","1401"
3352,"GA","1146"
3352,"NY","3492"
3352,"FL","2438"
3353,"WI","664"
3353,"NJ","1257"
3353,"IN","1694"
3353,"NC","2999"
3353,"BA","109"
3353,"NE","428"
3353,"NV","887"
3353,"BC","21"
3353,"MD","1401"
3353,"VI","118"
3353,"CT","1268"
3353,"MA","1030"
3353,"MI","1067"
3353,"TX","3677"
3353,"OH","2143"
3353,"LA","1730"
3353,"FL","2438"
3353,"PR","75"
3353,"VA","2153"
3353,"AL","1336"
3353,"PA","2219"
3353,"IL","2092"
3353,"DC","580"
3353,"AR","928"
3353,"RI","622"
3353,"NY","3492"
3354,"FL","2438"
3354,"MD","1401"
3354,"DE","285"
3354,"SC","1673"
3354,"NC","2999"
3354,"DC","580"
3354,"VA","2153"
3354,"GA","1146"
3355,"BA","109"
3355,"AR","928"
3355,"IL","2092"
3355,"MO","692"
3355,"CA","3936"
3355,"TN","1944"
3355,"UT","890"
3355,"NE","428"
3355,"SD","352"
3355,"OK","710"
3355,"WI","664"
3355,"MN","197"
3355,"FL","2438"
3355,"DC","580"
3355,"LA","1730"
3355,"WA","886"
3355,"MT","310"
3355,"ND","263"
3355,"IA","697"
3355,"KS","555"
3355,"IN","1694"
3355,"NY","3492"
3355,"VI","118"
3355,"OH","2143"
3355,"NV","887"
3355,"MX","165"
3355,"CO","820"
3355,"MI","1067"
3356,"MI","1067"
3356,"AR","928"
3356,"WV","335"
3356,"KY","1069"
3356,"GA","1146"
3356,"NV","887"
3356,"MO","692"
3356,"TN","1944"
3356,"IL","2092"
3356,"IN","1694"
3356,"IA","697"
3356,"KS","555"
3357,"NH","289"
3357,"BA","109"
3357,"PA","2219"
3357,"VA","2153"
3357,"NV","887"
3357,"MA","1030"
3357,"CT","1268"
3357,"NJ","1257"
3357,"MD","1401"
3357,"WA","886"
3357,"FL","2438"
3357,"RI","622"
3357,"ME","168"
3357,"PR","75"
3357,"NY","3492"
3358,"LA","1730"
3358,"AR","928"
3358,"TX","3677"
3358,"MS","846"
3358,"MO","692"
3358,"VA","2153"
3358,"CA","3936"
3358,"NY","3492"
3359,"LA","1730"
3359,"NJ","1257"
3359,"IN","1694"
3359,"IL","2092"
3359,"MS","846"
3359,"TN","1944"
3359,"NY","3492"
3359,"CO","820"
3359,"GA","1146"
3359,"AL","1336"
3359,"SC","1673"
3359,"NC","2999"
3359,"KY","1069"
3359,"VA","2153"
3360,"MT","310"
3360,"VA","2153"
3360,"IL","2092"
3360,"WA","886"
3360,"NV","887"
3360,"CO","820"
3360,"NY","3492"
3360,"HI","272"
3360,"UT","890"
3360,"CA","3936"
3360,"OR","670"
3360,"ID","431"
3361,"CA","3936"
3361,"HI","272"
3361,"NV","887"
3361,"NM","366"
3361,"CO","820"
3361,"UT","890"
3361,"TX","3677"
3361,"NJ","1257"
3361,"WY","142"
3361,"ID","431"
3361,"AZ","600"
3362,"NV","887"
3362,"TX","3677"
3362,"WA","886"
3362,"BC","21"
3362,"UT","890"
3362,"FL","2438"
3362,"CO","820"
3362,"CA","3936"
3362,"NM","366"
3362,"ID","431"
3362,"NY","3492"
3362,"OR","670"
3363,"NV","887"
3363,"CA","3936"
3363,"NM","366"
3363,"TX","3677"
3363,"WY","142"
3363,"CO","820"
3363,"UT","890"
3363,"HI","272"
3364,"MX","165"
3364,"AZ","600"
3364,"NV","887"
3364,"NM","366"
3364,"HI","272"
3364,"NY","3492"
3364,"CA","3936"
3364,"OR","670"
3364,"WA","886"
3364,"TX","3677"
3365,"CO","820"
3365,"NV","887"
3365,"UT","890"
3365,"OR","670"
3365,"MX","165"
3365,"CA","3936"
3365,"IL","2092"
3366,"DE","285"
3366,"NC","2999"
3366,"MD","1401"
3366,"SC","1673"
3366,"VA","2153"
3366,"DC","580"
3366,"TX","3677"
3366,"AL","1336"
3366,"FL","2438"
3366,"GA","1146"
3367,"GA","1146"
3367,"NJ","1257"
3367,"IN","1694"
3367,"FL","2438"
3367,"TN","1944"
3367,"VA","2153"
3367,"SC","1673"
3367,"NC","2999"
3367,"KY","1069"
3367,"MD","1401"
3368,"AR","928"
3368,"TX","3677"
3368,"MS","846"
3368,"FL","2438"
3368,"LA","1730"
3369,"TN","1944"
3369,"KY","1069"
3369,"AR","928"
3369,"KS","555"
3369,"VA","2153"
3369,"NJ","1257"
3369,"MS","846"
3369,"TX","3677"
3369,"AL","1336"
3369,"OH","2143"
3369,"MO","692"
3369,"IL","2092"
3369,"IN","1694"
3370,"MT","310"
3370,"FL","2438"
3370,"AZ","600"
3370,"ID","431"
3370,"NV","887"
3370,"WA","886"
3370,"CA","3936"
3370,"UT","890"
3370,"OR","670"
3370,"NM","366"
3370,"LA","1730"
3370,"CO","820"
3370,"MO","692"
3370,"TX","3677"
3370,"IL","2092"
3370,"WI","664"
3371,"DC","580"
3371,"OH","2143"
3371,"NE","428"
3371,"IN","1694"
3371,"IL","2092"
3371,"NH","289"
3371,"VI","118"
3371,"RI","622"
3371,"CT","1268"
3371,"BA","109"
3371,"VA","2153"
3371,"MA","1030"
3371,"NJ","1257"
3371,"FL","2438"
3371,"DE","285"
3371,"TX","3677"
3371,"PA","2219"
3371,"MX","165"
3371,"WV","335"
3371,"NY","3492"
3371,"NC","2999"
3371,"WI","664"
3372,"OK","710"
3372,"AR","928"
3372,"CA","3936"
3372,"VA","2153"
3372,"LA","1730"
3372,"TX","3677"
3372,"AZ","600"
3372,"MD","1401"
3372,"MO","692"
3372,"NM","366"
3372,"MS","846"
3372,"NV","887"
3373,"ME","168"
3373,"CO","820"
3373,"VT","159"
3373,"CT","1268"
3373,"NJ","1257"
3373,"MA","1030"
3373,"NY","3492"
3373,"MD","1401"
3373,"DC","580"
3373,"NH","289"
3374,"CO","820"
3374,"WV","335"
3374,"OH","2143"
3374,"WA","886"
3374,"FL","2438"
3374,"AR","928"
3374,"NV","887"
3374,"NC","2999"
3374,"CA","3936"
3374,"TN","1944"
3374,"MS","846"
3374,"PR","75"
3374,"CT","1268"
3374,"OK","710"
3374,"TX","3677"
3374,"LA","1730"
3374,"AZ","600"
3374,"KS","555"
3374,"BA","109"
3375,"GA","1146"
3375,"AL","1336"
3375,"FL","2438"
3375,"SC","1673"
3375,"AZ","600"
3375,"CA","3936"
3375,"LA","1730"
3375,"NC","2999"
3375,"AR","928"
3375,"TX","3677"
3375,"KY","1069"
3375,"ME","168"
3375,"MS","846"
3375,"TN","1944"
3376,"MA","1030"
3376,"MS","846"
3376,"MN","197"
3376,"NC","2999"
3376,"WA","886"
3376,"OH","2143"
3376,"HI","272"
3376,"AR","928"
3376,"TN","1944"
3376,"LA","1730"
3376,"PA","2219"
3376,"AL","1336"
3376,"IL","2092"
3376,"BA","109"
3376,"MO","692"
3376,"VI","118"
3376,"FL","2438"
3376,"IN","1694"
3376,"CA","3936"
3376,"NY","3492"
3376,"TX","3677"
3376,"VA","2153"
3376,"GA","1146"
3376,"CO","820"
3376,"KY","1069"
3376,"SC","1673"
3376,"MD","1401"
3376,"BC","21"
3376,"NJ","1257"
3377,"MO","692"
3377,"NV","887"
3377,"MX","165"
3377,"MA","1030"
3377,"MT","310"
3377,"MI","1067"
3377,"KS","555"
3377,"IA","697"
3377,"OK","710"
3377,"NJ","1257"
3377,"IL","2092"
3377,"CO","820"
3377,"WI","664"
3377,"OR","670"
3377,"SD","352"
3377,"ID","431"
3377,"ND","263"
3377,"CA","3936"
3377,"UT","890"
3377,"PR","75"
3377,"NY","3492"
3377,"FL","2438"
3377,"TX","3677"
3377,"AR","928"
3377,"NE","428"
3377,"IN","1694"
3377,"AZ","600"
3378,"RI","622"
3378,"KS","555"
3378,"KY","1069"
3378,"TX","3677"
3378,"CT","1268"
3378,"LA","1730"
3378,"PA","2219"
3378,"IL","2092"
3378,"OK","710"
3378,"TN","1944"
3378,"NJ","1257"
3378,"FL","2438"
3378,"OH","2143"
3378,"CA","3936"
3378,"AK","17"
3378,"IN","1694"
3378,"CO","820"
3378,"DC","580"
3378,"NC","2999"
3378,"BA","109"
3378,"AR","928"
3378,"AL","1336"
3378,"VI","118"
3378,"NV","887"
3378,"WI","664"
3378,"SC","1673"
3378,"MX","165"
3379,"FL","2438"
3379,"LA","1730"
3379,"KY","1069"
3379,"MS","846"
3379,"MT","310"
3379,"TX","3677"
3379,"NV","887"
3379,"TN","1944"
3379,"WV","335"
3379,"AR","928"
3379,"AL","1336"
3379,"OK","710"
3379,"NC","2999"
3380,"MS","846"
3380,"AL","1336"
3380,"OH","2143"
3380,"TX","3677"
3380,"AR","928"
3380,"LA","1730"
3381,"CA","3936"
3381,"ID","431"
3381,"NM","366"
3381,"AZ","600"
3381,"ND","263"
3381,"UT","890"
3381,"OR","670"
3381,"IN","1694"
3381,"TX","3677"
3381,"CO","820"
3381,"LA","1730"
3381,"MT","310"
3381,"IL","2092"
3381,"NY","3492"
3381,"WA","886"
3382,"DC","580"
3382,"NC","2999"
3382,"OH","2143"
3382,"NJ","1257"
3382,"VA","2153"
3382,"OR","670"
3382,"WV","335"
3382,"MO","692"
3382,"MD","1401"
3382,"TX","3677"
3382,"RI","622"
3382,"MI","1067"
3382,"PA","2219"
3382,"NY","3492"
3382,"MA","1030"
3382,"CT","1268"
3382,"FL","2438"
3383,"DE","285"
3383,"NJ","1257"
3383,"KY","1069"
3383,"FL","2438"
3383,"MD","1401"
3383,"NY","3492"
3383,"PA","2219"
3383,"RI","622"
3383,"NV","887"
3383,"VT","159"
3383,"CT","1268"
3384,"VT","159"
3384,"DC","580"
3384,"NV","887"
3384,"NY","3492"
3384,"KY","1069"
3384,"OH","2143"
3384,"NJ","1257"
3384,"RI","622"
3384,"FL","2438"
3384,"SC","1673"
3384,"CT","1268"
3384,"OR","670"
3384,"WI","664"
3384,"VA","2153"
3384,"MD","1401"
3384,"TN","1944"
3384,"PA","2219"
3385,"DC","580"
3385,"PA","2219"
3385,"OK","710"
3385,"IN","1694"
3385,"KS","555"
3385,"VA","2153"
3385,"BA","109"
3385,"VI","118"
3385,"CA","3936"
3385,"NE","428"
3385,"TN","1944"
3385,"NY","3492"
3385,"NJ","1257"
3385,"WI","664"
3385,"MA","1030"
3385,"FL","2438"
3385,"OH","2143"
3385,"MD","1401"
3385,"NV","887"
3385,"DE","285"
3385,"AR","928"
3385,"RI","622"
3385,"IL","2092"
3385,"CT","1268"
3386,"NC","2999"
3386,"NM","366"
3386,"NY","3492"
3386,"KS","555"
3386,"NJ","1257"
3386,"DC","580"
3386,"OH","2143"
3386,"LA","1730"
3386,"MD","1401"
3386,"MA","1030"
3386,"DE","285"
3386,"PA","2219"
3386,"MO","692"
3386,"RI","622"
3386,"CT","1268"
3386,"FL","2438"
3386,"VA","2153"
3386,"VT","159"
3387,"IN","1694"
3387,"PA","2219"
3387,"MI","1067"
3387,"KY","1069"
3387,"NC","2999"
3387,"FL","2438"
3387,"MA","1030"
3387,"NV","887"
3387,"AL","1336"
3387,"TN","1944"
3387,"CA","3936"
3387,"VA","2153"
3387,"NY","3492"
3387,"NE","428"
3387,"OK","710"
3387,"RI","622"
3387,"GA","1146"
3387,"IL","2092"
3387,"DC","580"
3387,"MT","310"
3387,"MO","692"
3387,"WA","886"
3387,"LA","1730"
3387,"OH","2143"
3388,"LA","1730"
3388,"ID","431"
3388,"NV","887"
3388,"NY","3492"
3388,"UT","890"
3388,"OR","670"
3388,"CA","3936"
3388,"IL","2092"
3388,"CO","820"
3388,"MA","1030"
3388,"WA","886"
3388,"IN","1694"
3388,"IA","697"
3388,"WY","142"
3388,"FL","2438"
3389,"MD","1401"
3389,"NJ","1257"
3389,"MA","1030"
3389,"CT","1268"
3389,"NY","3492"
3389,"PA","2219"
3390,"WA","886"
3390,"HI","272"
3390,"BC","21"
3390,"OH","2143"
3390,"NM","366"
3390,"CA","3936"
3390,"NY","3492"
3390,"KY","1069"
3390,"IA","697"
3390,"KS","555"
3390,"OR","670"
3390,"VA","2153"
3390,"NJ","1257"
3390,"NV","887"
3390,"AZ","600"
3390,"FL","2438"
3390,"DC","580"
3390,"MX","165"
3390,"TX","3677"
3390,"SC","1673"
3390,"UT","890"
3390,"IL","2092"
3390,"CO","820"
3390,"MA","1030"
3390,"TN","1944"
3391,"NJ","1257"
3391,"KY","1069"
3391,"TN","1944"
3391,"SC","1673"
3391,"IN","1694"
3391,"GA","1146"
3391,"IL","2092"
3391,"NC","2999"
3391,"TX","3677"
3391,"VA","2153"
3391,"FL","2438"
3392,"NY","3492"
3392,"NJ","1257"
3392,"MD","1401"
3392,"MA","1030"
3392,"GA","1146"
3392,"PR","75"
3392,"IL","2092"
3392,"NV","887"
3392,"FL","2438"
3392,"NH","289"
3392,"PA","2219"
3392,"VT","159"
3392,"ME","168"
3392,"NC","2999"
3392,"CT","1268"
3393,"VA","2153"
3393,"SC","1673"
3393,"MX","165"
3393,"NH","289"
3393,"NY","3492"
3393,"SD","352"
3393,"BA","109"
3393,"BC","21"
3393,"RI","622"
3393,"NV","887"
3393,"WA","886"
3393,"FL","2438"
3393,"ME","168"
3393,"NC","2999"
3393,"IN","1694"
3393,"OH","2143"
3393,"GA","1146"
3393,"VI","118"
3393,"KY","1069"
3393,"WI","664"
3393,"IL","2092"
3393,"PA","2219"
3393,"NJ","1257"
3393,"ID","431"
3393,"DC","580"
3393,"MA","1030"
3393,"CT","1268"
3394,"LA","1730"
3394,"OK","710"
3394,"AL","1336"
3394,"TN","1944"
3394,"MS","846"
3394,"TX","3677"
3394,"AR","928"
3394,"CA","3936"
3394,"MT","310"
3395,"NV","887"
3395,"WY","142"
3395,"WV","335"
3395,"IA","697"
3395,"KS","555"
3395,"BA","109"
3395,"CO","820"
3395,"ID","431"
3395,"NY","3492"
3395,"MX","165"
3395,"CA","3936"
3395,"FL","2438"
3395,"OK","710"
3395,"UT","890"
3395,"NM","366"
3395,"MS","846"
3395,"TX","3677"
3396,"LA","1730"
3396,"NH","289"
3396,"NY","3492"
3396,"KS","555"
3396,"NC","2999"
3396,"TN","1944"
3396,"MT","310"
3396,"TX","3677"
3396,"OH","2143"
3396,"DE","285"
3396,"MI","1067"
3396,"FL","2438"
3396,"RI","622"
3396,"AL","1336"
3396,"MO","692"
3396,"MA","1030"
3396,"OK","710"
3396,"DC","580"
3396,"MD","1401"
3396,"GA","1146"
3396,"NJ","1257"
3396,"UT","890"
3396,"VA","2153"
3396,"PA","2219"
3396,"CT","1268"
3397,"MS","846"
3397,"IL","2092"
3397,"TN","1944"
3397,"AL","1336"
3397,"SC","1673"
3397,"BA","109"
3397,"KY","1069"
3397,"NY","3492"
3397,"AZ","600"
3397,"SD","352"
3397,"KS","555"
3397,"AR","928"
3397,"VI","118"
3397,"IA","697"
3397,"OK","710"
3397,"WA","886"
3397,"FL","2438"
3397,"IN","1694"
3397,"MX","165"
3397,"NJ","1257"
3397,"LA","1730"
3397,"OR","670"
3397,"GA","1146"
3397,"CA","3936"
3397,"NC","2999"
3397,"OH","2143"
3397,"VA","2153"
3397,"TX","3677"
3398,"MT","310"
3398,"AL","1336"
3398,"MO","692"
3398,"TX","3677"
3398,"FL","2438"
3398,"TN","1944"
3398,"KY","1069"
3398,"IL","2092"
3399,"KY","1069"
3399,"TX","3677"
3399,"NC","2999"
3399,"KS","555"
3399,"MO","692"
3399,"IN","1694"
3399,"IL","2092"
3399,"IA","697"
3399,"NV","887"
3399,"TN","1944"
3399,"MS","846"
3399,"SC","1673"
3399,"LA","1730"
3399,"WV","335"
3399,"AL","1336"
3400,"CT","1268"
3400,"NM","366"
3400,"WV","335"
3400,"MO","692"
3400,"CO","820"
3400,"MD","1401"
3400,"IA","697"
3400,"OK","710"
3400,"GA","1146"
3400,"AR","928"
3400,"KS","555"
3400,"FL","2438"
3400,"TN","1944"
3400,"NV","887"
3400,"TX","3677"
3400,"HI","272"
3400,"CA","3936"
3400,"VI","118"
3401,"MX","165"
3401,"FL","2438"
3401,"CA","3936"
3401,"IL","2092"
3401,"HI","272"
3401,"VI","118"
3401,"MS","846"
3401,"TN","1944"
3401,"KY","1069"
3401,"LA","1730"
3401,"BA","109"
3401,"AL","1336"
3401,"PR","75"
3401,"NC","2999"
3401,"CO","820"
3401,"NM","366"
3401,"AR","928"
3401,"OK","710"
3401,"WA","886"
3401,"IN","1694"
3401,"GA","1146"
3401,"TX","3677"
3401,"KS","555"
3401,"NE","428"
3401,"NY","3492"
3401,"NV","887"
3401,"SC","1673"
3401,"IA","697"
3401,"MO","692"
3402,"AL","1336"
3402,"TN","1944"
3402,"NM","366"
3402,"CO","820"
3402,"TX","3677"
3402,"LA","1730"
3402,"NC","2999"
3402,"NH","289"
3402,"AR","928"
3402,"FL","2438"
3402,"KY","1069"
3402,"GA","1146"
3403,"FL","2438"
3403,"WV","335"
3403,"AR","928"
3403,"KS","555"
3403,"KY","1069"
3403,"TX","3677"
3403,"IA","697"
3403,"AZ","600"
3403,"IL","2092"
3403,"OK","710"
3403,"CA","3936"
3403,"LA","1730"
3403,"NM","366"
3403,"CO","820"
3403,"MO","692"
3403,"NV","887"
3404,"CO","820"
3404,"AR","928"
3404,"MO","692"
3404,"IA","697"
3404,"MS","846"
3404,"TX","3677"
3404,"GA","1146"
3404,"IN","1694"
3404,"KY","1069"
3404,"TN","1944"
3404,"OH","2143"
3404,"IL","2092"
3404,"NC","2999"
3404,"AL","1336"
3404,"PA","2219"
3405,"ND","263"
3405,"MO","692"
3405,"OH","2143"
3405,"AZ","600"
3405,"KY","1069"
3405,"NM","366"
3405,"MI","1067"
3405,"TN","1944"
3405,"GA","1146"
3405,"NY","3492"
3405,"CA","3936"
3405,"FL","2438"
3405,"NJ","1257"
3405,"WI","664"
3405,"IN","1694"
3405,"CO","820"
3405,"MX","165"
3405,"NV","887"
3405,"IL","2092"
3405,"TX","3677"
3405,"LA","1730"
3406,"KY","1069"
3406,"FL","2438"
3406,"DC","580"
3406,"PR","75"
3406,"GA","1146"
3406,"NY","3492"
3406,"PA","2219"
3406,"VA","2153"
3406,"SC","1673"
3406,"DE","285"
3406,"MD","1401"
3406,"NC","2999"
3406,"MA","1030"
3406,"NV","887"
3406,"WV","335"
3407,"TX","3677"
3407,"LA","1730"
3407,"FL","2438"
3407,"NY","3492"
3407,"NV","887"
3407,"TN","1944"
3407,"NC","2999"
3407,"AL","1336"
3407,"GA","1146"
3407,"SC","1673"
3407,"MS","846"
3407,"AR","928"
3408,"AR","928"
3408,"TX","3677"
3408,"NY","3492"
3408,"LA","1730"
3408,"ME","168"
3408,"VA","2153"
3408,"NC","2999"
3408,"AZ","600"
3408,"OK","710"
3408,"CA","3936"
3408,"PA","2219"
3408,"MX","165"
3408,"WV","335"
3408,"TN","1944"
3408,"CT","1268"
3408,"MD","1401"
3408,"KS","555"
3408,"FL","2438"
3408,"OH","2143"
3408,"AL","1336"
3408,"WA","886"
3408,"MS","846"
3408,"BA","109"
3408,"VI","118"
3409,"AZ","600"
3409,"CT","1268"
3409,"OH","2143"
3409,"NM","366"
3409,"WV","335"
3409,"KS","555"
3409,"MO","692"
3409,"FL","2438"
3409,"NE","428"
3409,"NC","2999"
3409,"AR","928"
3409,"IN","1694"
3409,"NY","3492"
3409,"TX","3677"
3409,"OK","710"
3409,"SD","352"
3409,"MS","846"
3409,"TN","1944"
3409,"PA","2219"
3409,"LA","1730"
3409,"AK","17"
3410,"CA","3936"
3410,"MO","692"
3410,"AZ","600"
3410,"NY","3492"
3410,"WA","886"
3410,"IL","2092"
3410,"NM","366"
3410,"TX","3677"
3410,"NV","887"
3410,"LA","1730"
3410,"ND","263"
3410,"UT","890"
3411,"FL","2438"
3411,"LA","1730"
3411,"TX","3677"
3411,"HI","272"
3411,"TN","1944"
3411,"VA","2153"
3411,"OK","710"
3411,"AL","1336"
3411,"MS","846"
3411,"GA","1146"
3411,"CA","3936"
3411,"PR","75"
3411,"AR","928"
3412,"CA","3936"
3412,"TN","1944"
3412,"SC","1673"
3412,"GA","1146"
3412,"OK","710"
3412,"LA","1730"
3412,"AL","1336"
3412,"NC","2999"
3412,"MS","846"
3412,"NY","3492"
3412,"MX","165"
3412,"BA","109"
3412,"IL","2092"
3412,"KY","1069"
3412,"TX","3677"
3412,"FL","2438"
3412,"VA","2153"
3412,"MO","692"
3412,"WV","335"
3413,"OR","670"
3413,"TX","3677"
3413,"CT","1268"
3413,"CA","3936"
3413,"WA","886"
3413,"NY","3492"
3413,"MT","310"
3413,"AZ","600"
3413,"UT","890"
3413,"FL","2438"
3413,"KS","555"
3413,"CO","820"
3413,"HI","272"
3414,"NV","887"
3414,"HI","272"
3414,"MT","310"
3414,"WA","886"
3414,"MO","692"
3414,"IN","1694"
3414,"AZ","600"
3414,"NM","366"
3414,"UT","890"
3414,"CA","3936"
3414,"CO","820"
3414,"OR","670"
3415,"IL","2092"
3415,"AK","17"
3415,"AZ","600"
3415,"UT","890"
3415,"WA","886"
3415,"LA","1730"
3415,"TX","3677"
3415,"ID","431"
3415,"NM","366"
3415,"OR","670"
3415,"FL","2438"
3415,"HI","272"
3415,"IA","697"
3415,"CA","3936"
3416,"FL","2438"
3416,"TX","3677"
3416,"IN","1694"
3416,"OH","2143"
3416,"PA","2219"
3416,"CA","3936"
3416,"KS","555"
3416,"DE","285"
3416,"LA","1730"
3416,"VA","2153"
3416,"OK","710"
3416,"MS","846"
3416,"GA","1146"
3416,"TN","1944"
3416,"CT","1268"
3416,"MI","1067"
3416,"MA","1030"
3416,"MX","165"
3416,"WV","335"
3416,"NC","2999"
3416,"AL","1336"
3417,"OR","670"
3417,"MD","1401"
3417,"MN","197"
3417,"MI","1067"
3417,"MX","165"
3417,"IA","697"
3417,"MO","692"
3417,"LA","1730"
3417,"AZ","600"
3417,"VA","2153"
3417,"FL","2438"
3417,"CO","820"
3417,"WA","886"
3417,"IL","2092"
3417,"NC","2999"
3417,"TX","3677"
3417,"NJ","1257"
3417,"OH","2143"
3417,"UT","890"
3417,"BA","109"
3417,"NY","3492"
3417,"NV","887"
3417,"IN","1694"
3417,"CA","3936"
3417,"OK","710"
3417,"GA","1146"
3417,"HI","272"
3418,"FL","2438"
3418,"AR","928"
3418,"TX","3677"
3418,"NV","887"
3418,"NC","2999"
3418,"AL","1336"
3418,"CA","3936"
3418,"PR","75"
3418,"LA","1730"
3418,"GA","1146"
3418,"MS","846"
3419,"AL","1336"
3419,"LA","1730"
3419,"GA","1146"
3419,"NM","366"
3419,"AR","928"
3419,"TX","3677"
3419,"SC","1673"
3419,"FL","2438"
3419,"TN","1944"
3420,"ME","168"
3420,"NH","289"
3420,"NJ","1257"
3420,"PA","2219"
3420,"MD","1401"
3420,"CT","1268"
3420,"VT","159"
3420,"NY","3492"
3420,"VA","2153"
3420,"MA","1030"
3421,"SC","1673"
3421,"NC","2999"
3421,"VA","2153"
3421,"FL","2438"
3421,"GA","1146"
3421,"TN","1944"
3422,"LA","1730"
3422,"NY","3492"
3422,"NC","2999"
3422,"MD","1401"
3422,"GA","1146"
3422,"TN","1944"
3422,"SC","1673"
3422,"FL","2438"
3422,"VA","2153"
3422,"AL","1336"
3423,"PA","2219"
3423,"NY","3492"
3423,"MD","1401"
3423,"SC","1673"
3423,"NC","2999"
3423,"OH","2143"
3423,"GA","1146"
3423,"VA","2153"
3423,"FL","2438"
3423,"MA","1030"
3424,"HI","272"
3424,"ID","431"
3424,"UT","890"
3424,"CO","820"
3424,"AZ","600"
3424,"WA","886"
3424,"WY","142"
3424,"MN","197"
3424,"CA","3936"
3424,"IA","697"
3424,"TX","3677"
3424,"NM","366"
3424,"NV","887"
3425,"NV","887"
3425,"AZ","600"
3425,"NC","2999"
3425,"HI","272"
3425,"CO","820"
3425,"CT","1268"
3425,"UT","890"
3425,"TN","1944"
3425,"MX","165"
3425,"CA","3936"
3425,"BA","109"
3425,"AK","17"
3425,"TX","3677"
3425,"WA","886"
3425,"OR","670"
3425,"VI","118"
3426,"NJ","1257"
3426,"AR","928"
3426,"CA","3936"
3426,"GA","1146"
3426,"NM","366"
3426,"NC","2999"
3426,"OK","710"
3426,"KS","555"
3426,"TX","3677"
3426,"AL","1336"
3426,"LA","1730"
3426,"MO","692"
3426,"SC","1673"
3426,"KY","1069"
3427,"FL","2438"
3427,"AL","1336"
3427,"LA","1730"
3427,"SC","1673"
3427,"NV","887"
3427,"TX","3677"
3427,"WV","335"
3427,"VA","2153"
3427,"CA","3936"
3427,"NM","366"
3428,"NM","366"
3428,"TX","3677"
3428,"WY","142"
3428,"CA","3936"
3428,"WA","886"
3428,"OR","670"
3428,"MX","165"
3428,"NV","887"
3428,"UT","890"
3428,"CO","820"
3428,"HI","272"
3428,"AZ","600"
3429,"NV","887"
3429,"AK","17"
3429,"CA","3936"
3429,"LA","1730"
3429,"ID","431"
3429,"CO","820"
3429,"TX","3677"
3429,"UT","890"
3429,"MT","310"
3429,"WA","886"
3429,"NM","366"
3429,"HI","272"
3429,"WY","142"
3429,"OR","670"
3429,"AZ","600"
3430,"CO","820"
3430,"CA","3936"
3430,"UT","890"
3430,"NE","428"
3430,"AZ","600"
3430,"MO","692"
3430,"ID","431"
3430,"TX","3677"
3430,"IL","2092"
3430,"NJ","1257"
3430,"ND","263"
3430,"WA","886"
3430,"NM","366"
3430,"NV","887"
3431,"CA","3936"
3431,"NV","887"
3431,"BA","109"
3431,"FL","2438"
3431,"LA","1730"
3431,"SC","1673"
3431,"NC","2999"
3431,"TX","3677"
3431,"AL","1336"
3431,"KS","555"
3431,"AR","928"
3431,"PR","75"
3431,"NM","366"
3431,"MS","846"
3431,"KY","1069"
3431,"OK","710"
3431,"TN","1944"
3433,"SC","1673"
3433,"ME","168"
3433,"NC","2999"
3433,"AZ","600"
3433,"MS","846"
3433,"FL","2438"
3433,"NY","3492"
3433,"NJ","1257"
3433,"RI","622"
3433,"MD","1401"
3433,"OH","2143"
3433,"TX","3677"
3433,"PA","2219"
3433,"MO","692"
3433,"DC","580"
3433,"VA","2153"
3433,"GA","1146"
3433,"MA","1030"
3434,"ND","263"
3434,"TX","3677"
3434,"MI","1067"
3434,"VA","2153"
3434,"WI","664"
3434,"KY","1069"
3434,"IL","2092"
3434,"OH","2143"
3434,"IN","1694"
3435,"GA","1146"
3435,"KY","1069"
3435,"AL","1336"
3435,"MS","846"
3435,"DC","580"
3435,"CA","3936"
3435,"OK","710"
3435,"TN","1944"
3435,"FL","2438"
3435,"NC","2999"
3435,"WI","664"
3435,"CT","1268"
3435,"SC","1673"
3435,"NY","3492"
3435,"VA","2153"
3435,"IN","1694"
3435,"AR","928"
3435,"PA","2219"
3435,"CO","820"
3435,"OH","2143"
3435,"WA","886"
3435,"MO","692"
3435,"IL","2092"
3436,"TX","3677"
3436,"VT","159"
3436,"NY","3492"
3436,"RI","622"
3436,"NJ","1257"
3436,"ME","168"
3436,"IN","1694"
3436,"NC","2999"
3436,"MD","1401"
3436,"NH","289"
3436,"CT","1268"
3436,"MA","1030"
3437,"MN","197"
3437,"NE","428"
3437,"PA","2219"
3437,"ME","168"
3437,"OH","2143"
3437,"NJ","1257"
3437,"CT","1268"
3437,"RI","622"
3437,"IL","2092"
3437,"CA","3936"
3437,"TN","1944"
3437,"IN","1694"
3437,"NY","3492"
3437,"GA","1146"
3437,"NH","289"
3437,"NV","887"
3437,"DC","580"
3437,"VT","159"
3437,"WI","664"
3437,"MD","1401"
3437,"FL","2438"
3438,"MN","197"
3438,"GA","1146"
3438,"AL","1336"
3438,"VA","2153"
3438,"MD","1401"
3438,"FL","2438"
3438,"NV","887"
3438,"OH","2143"
3438,"CA","3936"
3438,"NC","2999"
3438,"MA","1030"
3438,"TN","1944"
3438,"VI","118"
3438,"BA","109"
3438,"CO","820"
3438,"PA","2219"
3438,"SC","1673"
3438,"HI","272"
3438,"RI","622"
3438,"NY","3492"
3439,"SC","1673"
3439,"MA","1030"
3439,"FL","2438"
3439,"PR","75"
3439,"PA","2219"
3439,"DC","580"
3439,"AL","1336"
3439,"MD","1401"
3439,"TN","1944"
3439,"NJ","1257"
3439,"RI","622"
3439,"NY","3492"
3439,"IN","1694"
3439,"NC","2999"
3439,"GA","1146"
3439,"VA","2153"
3439,"IL","2092"
3441,"SC","1673"
3441,"NC","2999"
3441,"FL","2438"
3441,"KY","1069"
3441,"GA","1146"
3441,"TN","1944"
3442,"NV","887"
3442,"SD","352"
3442,"ND","263"
3442,"IL","2092"
3442,"IN","1694"
3442,"WI","664"
3442,"TN","1944"
3442,"TX","3677"
3442,"CO","820"
3442,"FL","2438"
3442,"KS","555"
3442,"UT","890"
3442,"MO","692"
3442,"LA","1730"
3442,"CA","3936"
3442,"NE","428"
3442,"OK","710"
3442,"MI","1067"
3443,"MS","846"
3443,"KY","1069"
3443,"WV","335"
3443,"CO","820"
3443,"LA","1730"
3443,"TX","3677"
3443,"VA","2153"
3443,"IL","2092"
3443,"MO","692"
3443,"PR","75"
3443,"FL","2438"
3443,"AK","17"
3443,"SD","352"
3443,"TN","1944"
3443,"SC","1673"
3443,"DC","580"
3443,"CA","3936"
3443,"GA","1146"
3443,"OH","2143"
3443,"IN","1694"
3443,"AL","1336"
3443,"NY","3492"
3443,"AR","928"
3443,"IA","697"
3443,"NC","2999"
3444,"PR","75"
3444,"IN","1694"
3444,"NY","3492"
3444,"MI","1067"
3444,"NM","366"
3444,"MA","1030"
3444,"MO","692"
3444,"VA","2153"
3444,"FL","2438"
3444,"OH","2143"
3444,"AZ","600"
3444,"ND","263"
3444,"CA","3936"
3444,"IL","2092"
3444,"KY","1069"
3444,"TX","3677"
3447,"NH","289"
3447,"CT","1268"
3447,"MD","1401"
3447,"NV","887"
3447,"NY","3492"
3447,"RI","622"
3447,"VA","2153"
3447,"PA","2219"
3447,"NJ","1257"
3448,"DC","580"
3448,"NC","2999"
3448,"NJ","1257"
3448,"MX","165"
3448,"IN","1694"
3448,"SC","1673"
3448,"PA","2219"
3448,"VA","2153"
3448,"AZ","600"
3448,"IL","2092"
3448,"TX","3677"
3448,"OH","2143"
3448,"FL","2438"
3448,"CA","3936"
3448,"MA","1030"
3449,"UT","890"
3449,"OR","670"
3449,"PR","75"
3449,"ID","431"
3449,"AZ","600"
3449,"MX","165"
3449,"AK","17"
3449,"FL","2438"
3449,"SD","352"
3449,"WI","664"
3449,"CA","3936"
3449,"WA","886"
3449,"NV","887"
3449,"MD","1401"
3449,"TX","3677"
3449,"KY","1069"
3449,"CO","820"
3449,"MI","1067"
3450,"FL","2438"
3450,"AZ","600"
3450,"UT","890"
3450,"OR","670"
3450,"WA","886"
3450,"NE","428"
3450,"HI","272"
3450,"CA","3936"
3450,"VI","118"
3450,"VA","2153"
3450,"WI","664"
3450,"ID","431"
3450,"CO","820"
3450,"PA","2219"
3450,"NV","887"
3450,"GA","1146"
3450,"MT","310"
3450,"PR","75"
3450,"KS","555"
3451,"ID","431"
3451,"CO","820"
3451,"UT","890"
3451,"NM","366"
3451,"CA","3936"
3451,"TX","3677"
3451,"FL","2438"
3451,"WA","886"
3451,"NV","887"
3451,"AZ","600"
3451,"ND","263"
3451,"OR","670"
3452,"HI","272"
3452,"MX","165"
3452,"NJ","1257"
3452,"GA","1146"
3452,"OH","2143"
3452,"VI","118"
3452,"WV","335"
3452,"BA","109"
3452,"NC","2999"
3452,"IA","697"
3452,"TX","3677"
3452,"FL","2438"
3452,"MA","1030"
3452,"KS","555"
3452,"VA","2153"
3452,"RI","622"
3452,"OK","710"
3452,"MD","1401"
3452,"CA","3936"
3452,"NY","3492"
3452,"LA","1730"
3452,"MS","846"
3452,"NV","887"
3452,"PA","2219"
3452,"IN","1694"
3452,"WA","886"
3452,"CT","1268"
3453,"MN","197"
3453,"MO","692"
3453,"WI","664"
3453,"PA","2219"
3453,"SD","352"
3453,"TN","1944"
3453,"BC","21"
3453,"ME","168"
3453,"OH","2143"
3453,"IA","697"
3453,"IN","1694"
3453,"MX","165"
3453,"AR","928"
3453,"FL","2438"
3453,"VT","159"
3453,"PR","75"
3453,"ND","263"
3453,"IL","2092"
3453,"KY","1069"
3453,"MI","1067"
3453,"VI","118"
3453,"KS","555"
3454,"NE","428"
3454,"VT","159"
3454,"PR","75"
3454,"WA","886"
3454,"IN","1694"
3454,"KY","1069"
3454,"CA","3936"
3454,"ND","263"
3454,"OH","2143"
3454,"IL","2092"
3454,"LA","1730"
3454,"FL","2438"
3454,"MN","197"
3454,"MI","1067"
3454,"MO","692"
3454,"NM","366"
3454,"WI","664"
3455,"BA","109"
3455,"PR","75"
3455,"IL","2092"
3455,"OK","710"
3455,"MO","692"
3455,"MX","165"
3455,"PA","2219"
3455,"LA","1730"
3455,"FL","2438"
3455,"NC","2999"
3455,"KS","555"
3455,"VI","118"
3455,"OH","2143"
3455,"NM","366"
3455,"AR","928"
3455,"WI","664"
3455,"CT","1268"
3455,"TX","3677"
3455,"IA","697"
3455,"IN","1694"
3455,"CA","3936"
3455,"TN","1944"
3456,"ME","168"
3456,"FL","2438"
3456,"DE","285"
3456,"VA","2153"
3456,"DC","580"
3456,"NJ","1257"
3456,"NY","3492"
3456,"PA","2219"
3456,"MA","1030"
3456,"IA","697"
3456,"MD","1401"
3456,"TX","3677"
3456,"WA","886"
3456,"CT","1268"
3456,"SC","1673"
3456,"NC","2999"
3457,"NC","2999"
3457,"MT","310"
3457,"NJ","1257"
3457,"MX","165"
3457,"AL","1336"
3457,"SC","1673"
3457,"VA","2153"
3457,"FL","2438"
3457,"PA","2219"
3457,"GA","1146"
3458,"NC","2999"
3458,"NV","887"
3458,"IN","1694"
3458,"BA","109"
3458,"IL","2092"
3458,"IA","697"
3458,"FL","2438"
3458,"WY","142"
3458,"WI","664"
3458,"CA","3936"
3458,"MI","1067"
3458,"OR","670"
3458,"WA","886"
3458,"PA","2219"
3458,"DC","580"
3458,"MO","692"
3458,"MN","197"
3458,"TN","1944"
3458,"CO","820"
3458,"ND","263"
3459,"FL","2438"
3459,"TN","1944"
3459,"NC","2999"
3459,"VA","2153"
3459,"AL","1336"
3459,"GA","1146"
3459,"SC","1673"
3460,"NY","3492"
3460,"IN","1694"
3460,"GA","1146"
3460,"IL","2092"
3460,"FL","2438"
3460,"TN","1944"
3460,"WI","664"
3460,"NV","887"
3460,"DE","285"
3460,"MI","1067"
3460,"OH","2143"
3460,"KY","1069"
3460,"TX","3677"
3461,"ID","431"
3461,"UT","890"
3461,"NM","366"
3461,"WY","142"
3461,"CA","3936"
3461,"IN","1694"
3461,"MT","310"
3461,"ND","263"
3461,"CO","820"
3461,"NV","887"
3462,"TN","1944"
3462,"DC","580"
3462,"NJ","1257"
3462,"VI","118"
3462,"SC","1673"
3462,"MD","1401"
3462,"IN","1694"
3462,"RI","622"
3462,"MO","692"
3462,"NC","2999"
3462,"PA","2219"
3462,"MI","1067"
3462,"WI","664"
3462,"IL","2092"
3462,"NY","3492"
3462,"CA","3936"
3462,"VA","2153"
3462,"BA","109"
3462,"FL","2438"
3462,"MA","1030"
3462,"AR","928"
3462,"OH","2143"
3462,"NV","887"
3463,"PA","2219"
3463,"ME","168"
3463,"CA","3936"
3463,"NY","3492"
3463,"IL","2092"
3463,"NJ","1257"
3463,"NC","2999"
3463,"NH","289"
3463,"MA","1030"
3463,"VT","159"
3463,"CT","1268"
3463,"FL","2438"
3463,"RI","622"
3463,"OH","2143"
3463,"TX","3677"
3464,"OH","2143"
3464,"IN","1694"
3464,"CA","3936"
3464,"MI","1067"
3464,"VA","2153"
3464,"PA","2219"
3464,"IL","2092"
3464,"HI","272"
3464,"NY","3492"
3464,"TN","1944"
3464,"KY","1069"
3464,"WI","664"
3465,"WA","886"
3465,"MO","692"
3465,"UT","890"
3465,"ID","431"
3465,"IL","2092"
3465,"CA","3936"
3466,"MS","846"
3466,"VA","2153"
3466,"NJ","1257"
3466,"TN","1944"
3466,"AL","1336"
3466,"FL","2438"
3466,"CO","820"
3466,"GA","1146"
3467,"NY","3492"
3467,"PA","2219"
3467,"CT","1268"
3467,"RI","622"
3467,"MA","1030"
3467,"NV","887"
3467,"NJ","1257"
